award,start-date,fund,intervention,amount,organisation,organisations,documentation-url,notes
1,2021-03-01,local-plan-pathfinders,local-plan-pathfinders,80000,local-authority:ASF,,,
2,2021-03-01,local-plan-pathfinders,local-plan-pathfinders,60000,local-authority:BIR,,,
3,2021-03-01,local-plan-pathfinders,local-plan-pathfinders,65000,local-authority:BRX,,,
4,2021-03-01,local-plan-pathfinders,local-plan-pathfinders,80000,local-authority:DAC,,,
5,2021-03-01,local-plan-pathfinders,local-plan-pathfinders,45000,local-authority:ESK,,,
6,2021-03-01,local-plan-pathfinders,local-plan-pathfinders,80000,local-authority:HNS,,,
7,2021-03-01,local-plan-pathfinders,local-plan-pathfinders,80000,local-authority:KEC,,,
8,2021-03-01,local-plan-pathfinders,local-plan-pathfinders,60000,local-authority:NET,local-authority:GAT,,
9,2021-03-01,local-plan-pathfinders,local-plan-pathfinders,65000,local-authority:PLY,local-authority:SHA;local-authority:WDE,,
10,2021-03-01,local-plan-pathfinders,local-plan-pathfinders,60000,local-authority:STR,local-authority:WAW,,
11,2021-10-01,proptech-round-1,engagement,100000,local-authority:BDG,,,
12,2021-10-01,proptech-round-1,engagement,100000,local-authority:BOS,,,
13,2021-10-01,proptech-round-1,engagement,100000,local-authority:CHS,,,
14,2021-10-01,proptech-round-1,engagement,63193,local-authority:COT,,,
15,2021-10-01,proptech-round-1,engagement,100000,local-authority:DAC,,,
16,2021-10-01,proptech-round-1,engagement,95000,local-authority:DST,,,
17,2021-10-01,proptech-round-1,engagement,100000,local-authority:HNS,,,
18,2021-10-01,proptech-round-1,engagement,100000,local-authority:NLN,,,
19,2021-10-01,proptech-round-1,engagement,98250,local-authority:SCA,,,"actual amount on Section 31 form"
20,2021-10-01,proptech-round-1,engagement,90000,local-authority:SKP,,,
21,2021-10-01,proptech-round-1,engagement,100000,local-authority:STH,,,
22,2021-10-01,proptech-round-1,engagement,99975,local-authority:WAT,,,
23,2021-10-01,proptech-round-1,engagement,30000,local-authority:WND,,,
24,2022-01-21,software-round-1,integration,58000,local-authority:BAN,,,Exploring ways customers can interact with live spatial geographic information system (GIS) data rather than static documents.
25,2022-01-21,software-round-1,integration,150000,local-authority:COL,,,Exploring ways customers can interact with live spatial geographic information system (GIS) data rather than static documents.
26,2022-01-21,software-round-1,integration,150000,local-authority:HAV,,,"Exploring full integration of pre-application advice requests, payments and bookings with Development Management software and the connection of Management Information and SMS notification software to improve customer experience, disjointed business processes, and outdated reporting practices."
27,2022-01-21,software-round-1,integration,150000,local-authority:HRW,,,Ensuring that information submitted in the comment webform is automatically loaded into the relevant system so that the time taken to process consultee comments can be reduced.
28,2022-01-21,software-round-1,integration,149000,local-authority:NDE,,,"Exploring and linking of all SQL data and intelligence to address the problem of data duplication. This will improve efficiency by decreasing duplication, progress reporting, and ensure the council has a robust corporate database and can provide an improved service to users."
29,2022-01-21,software-round-1,integration,114000,local-authority:NGM,,,Deriving more value from planning data through efficient and effective data publishing processes to improve reporting.
30,2022-01-21,software-round-1,integration,150000,local-authority:SEV,,,"Exploring and implementing solutions to improve access to Tree Preservation Order information, and submitting applications to carry out works to protected trees and notifications of works to trees in Conservation Areas."
31,2022-01-21,software-round-1,integration,150000,local-authority:TEW,,,"Exploring an open and standard way of exposing planning application data to provide progress updates to service users via a tracker, to address their concerns about a lack of information on progress or timescales for determining a planning application."
32,2022-01-21,software-round-1,software,400000,local-authority:CMD,,,
33,2022-01-21,software-round-1,software,348000,local-authority:DAC,,,
34,2022-01-21,software-round-1,software,358000,local-authority:DNC,,,
35,2022-01-21,software-round-1,software,395000,local-authority:GLO,,,
36,2022-01-21,software-round-1,software,400000,local-authority:MDW,,,
37,2022-01-21,software-round-1,software,400000,local-authority:NET,,,
38,2022-03-01,proptech-round-2,engagement,70500,local-authority:BIR,,,"actual amount on Section 31 form"
39,2022-03-01,proptech-round-2,engagement,95800,local-authority:BOS,,,
40,2022-03-01,proptech-round-2,engagement,125000,local-authority:CON,,,
41,2022-03-01,proptech-round-2,engagement,121750,local-authority:DAC,,,
42,2022-03-01,proptech-round-2,engagement,56500,local-authority:EHA,,,"actual amount on Section 31 form"
43,2022-03-01,proptech-round-2,engagement,228800,local-authority:EPP,local-authority:EHE;local-authority:HAR;local-authority:HRT;local-authority:ESS,,
44,2022-03-01,proptech-round-2,engagement,125000,local-authority:EPS,,,
45,2022-03-01,proptech-round-2,engagement,83450,local-authority:HAA,,,"actual amount on Section 31 form"
46,2022-03-01,proptech-round-2,engagement,125000,local-authority:HAO,,,
47,2022-03-01,proptech-round-2,engagement,99000,local-authority:HRY,,,
48,2022-03-01,proptech-round-2,engagement,118000,local-authority:KEC,,,
49,2022-03-01,proptech-round-2,engagement,92164,local-authority:LBH,,,
50,2022-03-01,proptech-round-2,engagement,86750,local-authority:LCE,,,"actual amount on Section 31 form"
51,2022-03-01,proptech-round-2,engagement,112500,local-authority:LEE,,,
52,2022-03-01,proptech-round-2,engagement,125000,local-authority:NWM,,,
53,2022-03-01,proptech-round-2,engagement,285000,local-authority:PLY,local-authority:SHA;local-authority:WDE,,
54,2022-03-01,proptech-round-2,engagement,125000,local-authority:RDB,,,
55,2022-03-01,proptech-round-2,engagement,90020,local-authority:RUN,,,
56,2022-03-01,proptech-round-2,engagement,117000,local-authority:SCA,,,
57,2022-03-01,proptech-round-2,engagement,125000,local-authority:SRY,,,"actual amount on Section 31 form"
58,2022-03-01,proptech-round-2,engagement,125000,local-authority:STH,,,
59,2022-03-01,proptech-round-2,engagement,125000,local-authority:STV,,,
60,2022-03-01,proptech-round-2,engagement,123000,local-authority:WAT,,,
61,2022-03-01,proptech-round-2,engagement,72000,local-authority:WFT,,,"actual amount on Section 31 form"
62,2022-03-01,proptech-round-2,engagement,120000,local-authority:WLL,,,
63,2022-03-01,proptech-round-2,engagement,98000,local-authority:WND,local-authority:RIC,,
64,2022-03-01,proptech-round-2,engagement,118250,local-authority:WOX,,,"actual amount on Section 31 form"
65,2022-03-01,proptech-round-2,engagement,92950,local-authority:WRL,,,"actual amount on Section 31 form"
66,2022-09-01,software-top-up-1,software,2300000,local-authority:BUC,,,
67,2022-09-01,software-top-up-1,software,2300000,local-authority:LBH,,,
68,2022-09-01,software-top-up-1,software,250000,local-authority:SWK,,,
69,2022-12-01,proptech-round-2.5,engagement,44000,local-authority:BOS,,,
70,2022-12-01,proptech-round-2.5,engagement,100000,local-authority:CHS,local-authority:HNS,,
71,2022-12-01,proptech-round-2.5,engagement,230000,local-authority:COT,local-authority:WOX,,
72,2022-12-01,proptech-round-2.5,engagement,30000,local-authority:DAC,local-authority:SAL;local-authority:THE;local-authority:HER;local-authority:WAT;local-authority:HRT,,
73,2022-12-01,proptech-round-2.5,engagement,100000,local-authority:HAA,,,
74,2022-12-01,proptech-round-2.5,engagement,100000,local-authority:HNS,local-authority:CHS,,
75,2022-12-01,proptech-round-2.5,engagement,200000,local-authority:PLY,local-authority:SHA;local-authority:WDE,,
76,2022-12-01,proptech-round-2.5,engagement,100000,local-authority:STH,,,
77,2022-12-01,proptech-round-2.5,engagement,100000,local-authority:WND,local-authority:RIC,,
78,2023-01-01,software-top-up-2,software,250000,local-authority:CMD,,,
79,2023-01-01,software-top-up-2,software,320000,local-authority:DAC,,,
80,2023-01-01,software-top-up-2,software,250000,local-authority:MDW,,,
81,2023-01-01,software-top-up-2,software,386000,local-authority:NET,,,
82,2023-03-01,planning-software-improvement,software,400000,local-authority:BIR,,,
83,2023-03-01,planning-software-improvement,software,400000,local-authority:BNE,,,
84,2023-03-01,planning-software-improvement,software,400000,local-authority:CAT,,,
85,2023-03-01,planning-software-improvement,software,400000,local-authority:EPS,,,
86,2023-03-01,planning-software-improvement,integration,300000,local-authority:GAT,,,
87,2023-03-01,planning-software-improvement,integration,150000,local-authority:DOV,,,
88,2023-03-01,planning-software-improvement,integration,250000,local-authority:DST,,,
89,2023-03-01,planning-software-improvement,integration,250000,local-authority:GRY,,,
90,2023-03-01,planning-software-improvement,integration,300000,local-authority:KTT,,,
91,2023-03-01,planning-software-improvement,integration,105306,local-authority:LIV,,,
92,2023-03-01,planning-software-improvement,integration,250000,local-authority:NLN,,,
93,2023-03-01,planning-software-improvement,integration,248000,local-authority:NSM,,,
94,2023-03-01,planning-software-improvement,integration,225600,local-authority:RDB,,,
95,2023-03-01,planning-software-improvement,integration,300000,local-authority:SAL,,,
96,2023-03-01,planning-software-improvement,integration,250000,local-authority:SLF,,,
97,2023-03-01,planning-software-improvement,integration,300000,local-authority:TEW,,,
98,2023-03-01,planning-software-improvement,integration,353000,local-authority:WBK,,,
99,2023-03-01,planning-software-improvement,integration,250000,local-authority:WFT,,,
100,2023-03-01,planning-software-improvement,integration,136225,local-authority:WRL,,,
101,2023-03-01,proptech-round-3,engagement,250000,local-authority:BIR,,,
102,2023-03-01,proptech-round-3,engagement,238800,local-authority:BOS,,,
103,2023-03-01,proptech-round-3,engagement,365000,local-authority:CON,,,
104,2023-03-01,proptech-round-3,engagement,50000,local-authority:COT,local-authority:WOX,,
105,2023-03-01,proptech-round-3,engagement,325050,local-authority:DAC,local-authority:SAL;local-authority:THE;local-authority:HRT;local-authority:WAT;local-authority:HER,,"actual amount on Section 31 form"
106,2023-03-01,proptech-round-3,engagement,295000,local-authority:EPP,local-authority:EHE;local-authority:HAR;local-authority:ESS;local-authority:HRT,,
107,2023-03-01,proptech-round-3,engagement,250000,local-authority:EPS,,,
108,2023-03-01,proptech-round-3,engagement,30000,local-authority:HNS,local-authority:CHS,,
109,2023-03-01,proptech-round-3,engagement,375000,local-authority:NGM,local-authority:BRD,,
110,2023-03-01,proptech-round-3,engagement,100000,local-authority:NWM,,,
111,2023-03-01,proptech-round-3,engagement,290000,local-authority:SCA,local-authority:CAB,,
112,2023-03-01,proptech-round-3,engagement,180000,local-authority:STH,,,
113,2023-03-01,proptech-round-3,engagement,99000,local-authority:WFT,,,
114,2023-03-01,proptech-round-3,engagement,100000,local-authority:WND,local-authority:RIC,,
115,2023-03-01,proptech-round-3,engagement,325000,local-authority:WRL,,,
116,2023-12-01,software-top-up-3,software,2000000,local-authority:BUC,,,
117,2023-12-01,software-top-up-3,software,2000000,local-authority:CMD,,,
118,2023-12-01,software-top-up-3,software,2200000,local-authority:LBH,,,
119,2024-01-01,software-top-up-4,improvement,40000,local-authority:DST,,,
120,2024-01-01,software-top-up-4,improvement,40000,local-authority:LIV,,,
121,2024-01-01,software-top-up-4,improvement,40000,local-authority:NLN,,,
122,2024-01-01,software-top-up-4,improvement,40000,local-authority:RDB,,,
123,2024-01-01,software-top-up-4,improvement,40000,local-authority:SLF,,,
124,2024-01-01,software-top-up-4,improvement,40000,local-authority:WFT,,,
125,2024-01-01,software-top-up-4,improvement,40000,local-authority:WRL,,,
126,2024-02-01,dpif-round-2,improvement,100000,local-authority:ASF,,,
127,2024-02-01,dpif-round-2,improvement,100000,local-authority:BAI,,,
128,2024-02-01,dpif-round-2,improvement,100000,local-authority:BDG,,,
129,2024-02-01,dpif-round-2,improvement,100000,local-authority:BOL,,,
130,2024-02-01,dpif-round-2,improvement,100000,local-authority:BST,,,
131,2024-02-01,dpif-round-2,improvement,100000,local-authority:CAS,,,
132,2024-02-01,dpif-round-2,improvement,100000,local-authority:CBF,,,
133,2024-02-01,dpif-round-2,improvement,100000,local-authority:CRY,,,
134,2024-02-01,dpif-round-2,improvement,100000,local-authority:ECA,,,
135,2024-02-01,dpif-round-2,improvement,100000,local-authority:EHA,,,
136,2024-02-01,dpif-round-2,improvement,100000,local-authority:EHE,,,
137,2024-02-01,dpif-round-2,improvement,100000,local-authority:ENF,,,
138,2024-02-01,dpif-round-2,improvement,100000,local-authority:HNS,,,
139,2024-02-01,dpif-round-2,improvement,100000,local-authority:HOR,,,
140,2024-02-01,dpif-round-2,improvement,100000,local-authority:HRY,,,
141,2024-02-01,dpif-round-2,improvement,100000,local-authority:KEC,,,
142,2024-02-01,dpif-round-2,improvement,100000,local-authority:LCE,,,
143,2024-02-01,dpif-round-2,improvement,100000,local-authority:LND,,,
144,2024-02-01,dpif-round-2,improvement,100000,local-authority:MIK,,,
145,2024-02-01,dpif-round-2,improvement,100000,local-authority:NBL,,,
146,2024-02-01,dpif-round-2,improvement,100000,local-authority:NEW,,,
147,2024-02-01,dpif-round-2,improvement,100000,local-authority:NYUA,,,
148,2024-02-01,dpif-round-2,improvement,100000,local-authority:PLY,,,
149,2024-02-01,dpif-round-2,improvement,100000,local-authority:PTE,,,
150,2024-02-01,dpif-round-2,improvement,100000,local-authority:RCH,,,
151,2024-02-01,dpif-round-2,improvement,100000,local-authority:ROH,,,
152,2024-02-01,dpif-round-2,improvement,100000,local-authority:ROS,,,
153,2024-02-01,dpif-round-2,improvement,100000,local-authority:SAW,,,
154,2024-02-01,dpif-round-2,improvement,100000,local-authority:SCA,,,
155,2024-02-01,dpif-round-2,improvement,100000,local-authority:SGC,,,
156,2024-02-01,dpif-round-2,improvement,100000,local-authority:SNO,local-authority:BRO,,
157,2024-02-01,dpif-round-2,improvement,100000,local-authority:SPE,,,
158,2024-02-01,dpif-round-2,improvement,100000,local-authority:SST,,,
159,2024-02-01,dpif-round-2,improvement,100000,local-authority:SUR,,,
160,2024-02-01,dpif-round-2,improvement,100000,local-authority:TAN,,,
161,2024-02-01,dpif-round-2,improvement,100000,local-authority:TEN,,,
162,2024-02-01,dpif-round-2,improvement,100000,local-authority:TOB,,,
163,2024-02-01,dpif-round-2,improvement,100000,local-authority:TRF,,,
164,2024-02-01,dpif-round-2,improvement,100000,local-authority:TWH,,,
165,2024-02-01,dpif-round-2,improvement,100000,local-authority:WAE,,,
166,2024-02-01,dpif-round-2,improvement,100000,local-authority:WSM,,,
167,2024-02-01,dpif-round-2,improvement,100000,local-authority:YOR,,,
168,2024-02-01,dpif-round-2,improvement,100000,national-park-authority:Q72617158,,,
169,2024-02-01,proptech-round-4,innovation,85000,local-authority:BAI,,,
170,2024-02-01,proptech-round-4,innovation,206900,local-authority:BRD,local-authority:LDS,,
171,2024-02-01,proptech-round-4,innovation,85000,local-authority:CBF,,,
172,2024-02-01,proptech-round-4,innovation,224400,local-authority:CHW,local-authority:FOE,,
173,2024-02-01,proptech-round-4,innovation,85000,local-authority:CON,,,
174,2024-02-01,proptech-round-4,innovation,50000,local-authority:DAC,,,
175,2024-02-01,proptech-round-4,innovation,85000,local-authority:DUR,,,
176,2024-02-01,proptech-round-4,innovation,73152,local-authority:EHE,,,
177,2024-02-01,proptech-round-4,innovation,85000,local-authority:HNS,,,
178,2024-02-01,proptech-round-4,innovation,225000,local-authority:HRY,local-authority:BNE,,
179,2024-02-01,proptech-round-4,innovation,85000,local-authority:KEC,,,
180,2024-02-01,proptech-round-4,innovation,46875,local-authority:LAC,,,
181,2024-02-01,proptech-round-4,innovation,76400,local-authority:LBH,,,
182,2024-02-01,proptech-round-4,innovation,69000,local-authority:LEW,,,
183,2024-02-01,proptech-round-4,innovation,40000,local-authority:NDE,,,
184,2024-02-01,proptech-round-4,innovation,225000,local-authority:NED,local-authority:BAE;local-authority:CHS,,
185,2024-02-01,proptech-round-4,innovation,84720,local-authority:NET,,,
186,2024-02-01,proptech-round-4,innovation,222040,local-authority:NET,local-authority:GAT,,
187,2024-02-01,proptech-round-4,innovation,225000,local-authority:NKE,local-authority:LIN;local-authority:WLI,,
188,2024-02-01,proptech-round-4,innovation,80000,local-authority:NTY,,,
189,2024-02-01,proptech-round-4,innovation,225000,local-authority:PLY,local-authority:SHA;local-authority:WDE,,
190,2024-02-01,proptech-round-4,innovation,47000,local-authority:REI,,,
191,2024-02-01,proptech-round-4,innovation,225000,local-authority:SCA,local-authority:CAB,,
192,2024-02-01,proptech-round-4,innovation,150000,local-authority:SCA,local-authority:CAB,,
193,2024-02-01,proptech-round-4,innovation,225000,local-authority:SEV,local-authority:NGM,,
194,2024-02-01,proptech-round-4,innovation,77213,local-authority:SLF,,,
195,2024-02-01,proptech-round-4,innovation,85000,local-authority:SRY,,,
196,2024-02-01,proptech-round-4,innovation,66813,local-authority:STE,,,
197,2024-02-01,proptech-round-4,innovation,225000,local-authority:STH,local-authority:LND,,
198,2024-02-01,proptech-round-4,innovation,85000,local-authority:SUA,,,
199,2024-02-01,proptech-round-4,innovation,82750,local-authority:TAN,,,"actual amount on Section 31 form"
200,2024-02-01,proptech-round-4,innovation,84610,local-authority:TEI,,,
201,2024-02-01,proptech-round-4,innovation,84250,local-authority:THA,,,"actual amount on Section 31 form"
202,2024-02-01,proptech-round-4,innovation,85000,local-authority:TWH,,,
203,2024-02-01,proptech-round-4,innovation,85000,local-authority:WGN,,,
204,2024-02-01,proptech-round-4,innovation,95000,local-authority:WOX,,,
205,2024-02-01,proptech-round-4,innovation,83000,local-authority:WRL,local-authority:COT,,
206,2025-03-18,dpif-round-3,improvement,50000,local-authority:NWA,,,
207,2025-03-18,dpif-round-3,improvement,50000,local-authority:EXE,,,
208,2025-03-18,dpif-round-3,improvement,50000,local-authority:OXO,,,
209,2025-03-18,dpif-round-3,improvement,50000,local-authority:ADU,,,
210,2025-03-18,dpif-round-3,improvement,50000,local-authority:BAE,,,
211,2025-03-18,dpif-round-3,improvement,50000,local-authority:MAI,,,
212,2025-03-18,dpif-round-3,improvement,50000,local-authority:FOE,,,
213,2025-03-18,dpif-round-3,improvement,50000,local-authority:STE,,,
214,2025-03-18,dpif-round-3,improvement,50000,local-authority:ERY,,,
215,2025-03-18,dpif-round-3,improvement,50000,local-authority:HUN,,,
216,2025-03-18,dpif-round-3,improvement,50000,local-authority:TAM,,,
217,2025-03-18,dpif-round-3,improvement,50000,local-authority:BUR,,,
218,2025-03-18,dpif-round-3,improvement,50000,local-authority:OLD,,,
219,2025-03-18,dpif-round-3,improvement,50000,local-authority:CLD,,,
220,2025-03-18,dpif-round-3,improvement,50000,national-park-authority:Q27159704,,,
221,2025-03-18,dpif-round-3,improvement,50000,local-authority:NTY,,,
222,2025-03-18,dpif-round-3,improvement,50000,local-authority:UTT,,,
223,2025-03-18,dpif-round-3,improvement,50000,local-authority:STH,,,
224,2025-03-18,dpif-round-3,improvement,50000,local-authority:WOX,,,
225,2025-03-18,dpif-round-3,improvement,50000,local-authority:COL,,,
226,2025-03-18,dpif-round-3,improvement,50000,local-authority:HAA,,,
227,2025-03-18,dpif-round-3,improvement,50000,local-authority:CRW,,,
228,2025-03-18,dpif-round-3,improvement,50000,local-authority:BAN,,,
229,2025-03-18,dpif-round-3,improvement,50000,local-authority:WOT,,,
230,2025-03-18,dpif-round-3,improvement,50000,local-authority:CHT,,,
231,2025-03-18,dpif-round-3,improvement,50000,local-authority:COV,,,
232,2025-03-18,dpif-round-3,improvement,50000,local-authority:MAN,,,
233,2025-03-18,dpif-round-3,improvement,50000,local-authority:HIL,,,
234,2025-03-18,dpif-round-3,improvement,50000,local-authority:COT,,,
235,2025-03-18,dpif-round-3,improvement,50000,local-authority:HAT,,,
236,2025-03-18,dpif-round-3,improvement,50000,local-authority:NNO,,,
237,2025-03-18,dpif-round-3,improvement,50000,local-authority:STA,,,
238,2025-03-18,dpif-round-3,improvement,50000,local-authority:BNS,,,
239,2025-03-18,dpif-round-3,improvement,50000,local-authority:CAN,,,
240,2025-03-18,dpif-round-3,improvement,50000,local-authority:THA,,,
241,2025-03-18,dpif-round-3,improvement,50000,local-authority:KHL,,,
242,2025-03-18,dpif-round-3,improvement,50000,local-authority:STV,,,
243,2025-03-18,dpif-round-3,improvement,50000,local-authority:HAL,,,
244,2025-03-18,dpif-round-3,improvement,50000,local-authority:KWL,,,
245,2025-03-18,dpif-round-3,improvement,50000,local-authority:LDS,,,
246,2025-03-18,dpif-round-3,improvement,50000,local-authority:BRY,,,
247,2025-03-18,dpif-round-3,improvement,50000,local-authority:SKP,,,
248,2025-03-18,dpif-round-3,improvement,50000,local-authority:LEW,,,
249,2025-03-18,dpif-round-3,improvement,50000,local-authority:SFT,,,
250,2025-03-18,dpif-round-3,improvement,50000,local-authority:IPS,,,
251,2025-03-18,dpif-round-3,improvement,50000,local-authority:WEA,,,
252,2025-03-18,software-top-up-5,software,400000,local-authority:CMD,,,
253,2025-03-18,software-top-up-5,software,400000,local-authority:BUC,,,
254,2025-03-18,software-top-up-5,software,500000,local-authority:LBH,,,
255,2025-03-18,software-top-up-5,software,260000,local-authority:SWK,,,
256,2025-03-18,software-top-up-5,software,200000,local-authority:MDW,,,
257,2025-03-18,software-top-up-5,software,250000,local-authority:DNC,,,
258,2025-03-18,software-top-up-5,software,50000,local-authority:GLO,,,
259,2025-03-18,software-top-up-5,software,200000,local-authority:BNE,,,
260,2025-03-18,software-top-up-5,software,210000,local-authority:GAT,,,
261,2025-03-18,software-top-up-5,software,250000,local-authority:NET,,,
262,2025-03-18,software-top-up-5,software,150000,local-authority:TEW,,,
263,2025-03-18,software-top-up-5,software,675000,local-authority:LBH,,,PlanX
264,2025-03-18,software-top-up-5,software,950000,local-authority:BUC,,,BOPS
265,2025-03-18,software-top-up-5,software,1000000,local-authority:CMD,,,Digital Planning Register
266,2025-03-18,dmsf,integration,225000,local-authority:RDB,,,Agile Applications/IEG4 + Planning Portal
267,2025-03-18,dmsf,integration,225000,local-authority:SLF,,,Arcus Global + Planning Portal
268,2025-03-18,dmsf,integration,225000,local-authority:DST,,,DEF + Planning Portal
269,2025-03-18,dmsf,integration,225000,local-authority:LDS,,,Idox + Planning Portal
270,2025-03-18,dmsf,integration,225000,local-authority:HNS,,,NEC + Planning Portal
271,2025-01-20,strategic-project,integration,100000,local-authority:GMCA,,,Discovery/Alpha - monitoring and collaboration 
272,2025-01-20,strategic-project,integration,200000,local-authority:GLA,,,Discovery/Alpha - monitoring and collaboration 
273,2025-01-20,strategic-project,software,300000,local-authority:LBH,,,Building Control - improving the system
274,2025-01-20,strategic-project,plan-making,300000,local-authority:LND,,,Digital local plan proof of concept
275,2025-03-01,proptech-round-4.5,innovation,186200,local-authority:PLY,local-authority:SHA;local-authority:WDE,,Land assessment
276,2025-03-01,proptech-round-4.5,innovation,101500,local-authority:WOX,local-authority:NGM;local-authority:COT,,Viability and feasibility
277,2025-03-01,proptech-round-4.5,innovation,200000,local-authority:SCA,local-authority:CAB,,Land assessment
278,2025-03-01,proptech-round-4.5,innovation,240000,local-authority:NED,local-authority:BAE;local-authority:CHS,,Land assessment
279,2025-03-01,proptech-round-4.5,innovation,238137,local-authority:NET,local-authority:GAT,,Viability and feasibility
280,2025-03-01,proptech-round-4.5,innovation,100000,local-authority:CBF,,,Viability and feasibility
281,2025-03-01,proptech-round-4.5,innovation,146800,local-authority:BAI,,,Land and site assessment
282,2025-03-01,proptech-round-4.5,innovation,210000,local-authority:NKE,local-authority:LIC;local-authority:WLI,,Visualisation
283,2025-03-01,proptech-round-4.5,innovation,65250,local-authority:DAC,,,Viability and feasibility. Actual amount on Section 31 form
284,2025-03-01,proptech-round-4.5,innovation,230000,local-authority:BRD,local-authority:NGM,,Visualisation
285,2025-03-01,proptech-round-4.5,innovation,95000,local-authority:TAN,,,Viability and feasibility
286,2025-03-01,proptech-round-4.5,innovation,100000,local-authority:EHE,,,Land and site assessment
287,2025-02-27,green-belt-reviews,green-belt-reviews,70000,local-authority:AMB,,,
288,2025-02-27,green-belt-reviews,green-belt-reviews,70000,local-authority:BNS,,,
289,2025-02-27,green-belt-reviews,green-belt-reviews,70000,local-authority:BAI,,,
290,2025-02-27,green-belt-reviews,green-belt-reviews,350000,local-authority:BAS,local-authority:SGC;local-authority:NSM;local-authority:BST;local-authority:SUA,,
291,2025-02-27,green-belt-reviews,green-belt-reviews,70000,local-authority:BEX,,,
292,2025-02-27,green-belt-reviews,green-belt-reviews,70000,local-authority:BIR,,,
293,2025-02-27,green-belt-reviews,green-belt-reviews,70000,local-authority:BPL,,,
294,2025-02-27,green-belt-reviews,green-belt-reviews,70000,local-authority:BOL,,,
295,2025-02-27,green-belt-reviews,green-belt-reviews,70000,local-authority:BRW,,,
296,2025-02-27,green-belt-reviews,green-belt-reviews,70000,local-authority:BRY,,,
297,2025-02-27,green-belt-reviews,green-belt-reviews,70000,local-authority:BRM,,,
298,2025-02-27,green-belt-reviews,green-belt-reviews,70000,local-authority:BRT,,,
299,2025-02-27,green-belt-reviews,green-belt-reviews,70000,local-authority:BKM,,,
300,2025-02-27,green-belt-reviews,green-belt-reviews,70000,local-authority:BUN,,,
301,2025-02-27,green-belt-reviews,green-belt-reviews,70000,local-authority:CLD,,,
302,2025-02-27,green-belt-reviews,green-belt-reviews,70000,local-authority:CAN,,,
303,2025-02-27,green-belt-reviews,green-belt-reviews,70000,local-authority:CAS,,,
304,2025-02-27,green-belt-reviews,green-belt-reviews,70000,local-authority:CBF,,,
305,2025-02-27,green-belt-reviews,green-belt-reviews,70000,local-authority:CHE,,,
306,2025-02-27,green-belt-reviews,green-belt-reviews,70000,local-authority:CHW,,,
307,2025-02-27,green-belt-reviews,green-belt-reviews,70000,local-authority:CHS,,,
308,2025-02-27,green-belt-reviews,green-belt-reviews,70000,local-authority:BRD,,,
309,2025-02-27,green-belt-reviews,green-belt-reviews,70000,local-authority:YOR,,,
310,2025-02-27,green-belt-reviews,green-belt-reviews,70000,local-authority:DAC,local-authority:SAL;local-authority:WAT,,
311,2025-02-27,green-belt-reviews,green-belt-reviews,70000,local-authority:DER,,,
312,2025-02-27,green-belt-reviews,green-belt-reviews,140000,local-authority:DST,local-authority:BPC,,
313,2025-02-27,green-belt-reviews,green-belt-reviews,70000,local-authority:DUD,,,
314,2025-02-27,green-belt-reviews,green-belt-reviews,70000,local-authority:DUR,,,
315,2025-02-27,green-belt-reviews,green-belt-reviews,210000,local-authority:NHE,,,
316,2025-02-27,green-belt-reviews,green-belt-reviews,210000,local-authority:ELM,local-authority:SPE;local-authority:RUN,,
317,2025-02-27,green-belt-reviews,green-belt-reviews,70000,local-authority:ENF,,,
318,2025-02-27,green-belt-reviews,green-belt-reviews,140000,local-authority:EPP,local-authority:HAR,,
319,2025-02-27,green-belt-reviews,green-belt-reviews,70000,local-authority:EPS,,,
320,2025-02-27,green-belt-reviews,green-belt-reviews,70000,local-authority:GED,,,
321,2025-02-27,green-belt-reviews,green-belt-reviews,140000,local-authority:GRA,local-authority:MDW,,
322,2025-02-27,green-belt-reviews,green-belt-reviews,770000,local-authority:GLA,local-authority:RIC;local-authority:BDG;local-authority:WFT;local-authority:RDB;local-authority:HRY;local-authority:HNS;local-authority:BNE;local-authority:EAL;local-authority:HRW;local-authority:NWM;local-authority:STN,,
323,2025-02-27,green-belt-reviews,green-belt-reviews,70000,local-authority:GRT,,,
324,2025-02-27,green-belt-reviews,green-belt-reviews,70000,local-authority:HAV,,,
325,2025-02-27,green-belt-reviews,green-belt-reviews,70000,local-authority:HER,,,
326,2025-02-27,green-belt-reviews,green-belt-reviews,70000,local-authority:HIG,,,
327,2025-02-27,green-belt-reviews,green-belt-reviews,70000,local-authority:HIL,,,
328,2025-02-27,green-belt-reviews,green-belt-reviews,70000,local-authority:KTT,,,
329,2025-02-27,green-belt-reviews,green-belt-reviews,70000,local-authority:KIR,,,
330,2025-02-27,green-belt-reviews,green-belt-reviews,70000,local-authority:LAC,,,
331,2025-02-27,green-belt-reviews,green-belt-reviews,70000,local-authority:LDS,,,
332,2025-02-27,green-belt-reviews,green-belt-reviews,70000,local-authority:LIF,,,
333,2025-02-27,green-belt-reviews,green-belt-reviews,420000,local-authority:LCR,local-authority:SHN;local-authority:LIV;local-authority:KWL;local-authority:HAL;local-authority:SFT,,
334,2025-02-27,green-belt-reviews,green-belt-reviews,70000,local-authority:LUT,,,
335,2025-02-27,green-belt-reviews,green-belt-reviews,70000,local-authority:NEW,,,
336,2025-02-27,green-belt-reviews,green-belt-reviews,140000,local-authority:NET,local-authority:GAT,,
337,2025-02-27,green-belt-reviews,green-belt-reviews,70000,local-authority:NEC,,,
338,2025-02-27,green-belt-reviews,green-belt-reviews,70000,local-authority:NED,,,
339,2025-02-27,green-belt-reviews,green-belt-reviews,70000,local-authority:NHE,,,
340,2025-02-27,green-belt-reviews,green-belt-reviews,70000,local-authority:NTY,,,
341,2025-02-27,green-belt-reviews,green-belt-reviews,70000,local-authority:NYK,,,
342,2025-02-27,green-belt-reviews,green-belt-reviews,70000,local-authority:NBL,,,
343,2025-02-27,green-belt-reviews,green-belt-reviews,70000,local-authority:NGM,,,
344,2025-02-27,green-belt-reviews,green-belt-reviews,70000,local-authority:NUN,,,
345,2025-02-27,green-belt-reviews,green-belt-reviews,70000,local-authority:OLD,,,
346,2025-02-27,green-belt-reviews,green-belt-reviews,70000,local-authority:PEN,,,
347,2025-02-27,green-belt-reviews,green-belt-reviews,70000,local-authority:RED,,,
348,2025-02-27,green-belt-reviews,green-belt-reviews,70000,local-authority:REI,,,
349,2025-02-27,green-belt-reviews,green-belt-reviews,70000,local-authority:ROC,,,
350,2025-02-27,green-belt-reviews,green-belt-reviews,70000,local-authority:ROS,,,
351,2025-02-27,green-belt-reviews,green-belt-reviews,70000,local-authority:ROT,,,
352,2025-02-27,green-belt-reviews,green-belt-reviews,70000,local-authority:RUG,,,
353,2025-02-27,green-belt-reviews,green-belt-reviews,70000,local-authority:RUS,,,
354,2025-02-27,green-belt-reviews,green-belt-reviews,70000,local-authority:SLF,,,
355,2025-02-27,green-belt-reviews,green-belt-reviews,70000,local-authority:SAW,,,
356,2025-02-27,green-belt-reviews,green-belt-reviews,70000,local-authority:SEV,,,
357,2025-02-27,green-belt-reviews,green-belt-reviews,70000,local-authority:SHR,,,
358,2025-02-27,green-belt-reviews,green-belt-reviews,70000,local-authority:SOL,,,
359,2025-02-27,green-belt-reviews,green-belt-reviews,140000,local-authority:SCA,local-authority:CAB,,
360,2025-02-27,green-belt-reviews,green-belt-reviews,70000,local-authority:SST,,,
361,2025-02-27,green-belt-reviews,green-belt-reviews,70000,local-authority:STY,,,
362,2025-02-27,green-belt-reviews,green-belt-reviews,70000,local-authority:SOS,,,
363,2025-02-27,green-belt-reviews,green-belt-reviews,70000,local-authority:STF,,,
364,2025-02-27,green-belt-reviews,green-belt-reviews,70000,local-authority:SKP,,,
365,2025-02-27,green-belt-reviews,green-belt-reviews,70000,local-authority:STE,,,
366,2025-02-27,green-belt-reviews,green-belt-reviews,70000,local-authority:STR,,,
367,2025-02-27,green-belt-reviews,green-belt-reviews,70000,local-authority:SND,,,
368,2025-02-27,green-belt-reviews,green-belt-reviews,70000,local-authority:SRY,,,
369,2025-02-27,green-belt-reviews,green-belt-reviews,70000,local-authority:SUR,,,
370,2025-02-27,green-belt-reviews,green-belt-reviews,70000,local-authority:TAW,,,
371,2025-02-27,green-belt-reviews,green-belt-reviews,70000,local-authority:TAN,,,
372,2025-02-27,green-belt-reviews,green-belt-reviews,210000,local-authority:TEW,local-authority:CHT;local-authority:COT,,
373,2025-02-27,green-belt-reviews,green-belt-reviews,70000,local-authority:THE,,,
374,2025-02-27,green-belt-reviews,green-belt-reviews,70000,local-authority:THR,,,
375,2025-02-27,green-belt-reviews,green-belt-reviews,70000,local-authority:TON,,,
376,2025-02-27,green-belt-reviews,green-belt-reviews,70000,local-authority:TUN,,,
377,2025-02-27,green-belt-reviews,green-belt-reviews,70000,local-authority:WLL,,,
378,2025-02-27,green-belt-reviews,green-belt-reviews,70000,local-authority:WRT,,,
379,2025-02-27,green-belt-reviews,green-belt-reviews,70000,local-authority:WAW,,,
380,2025-02-27,green-belt-reviews,green-belt-reviews,70000,local-authority:WAE,,,
381,2025-02-27,green-belt-reviews,green-belt-reviews,70000,local-authority:WEW,,,
382,2025-02-27,green-belt-reviews,green-belt-reviews,70000,local-authority:WLA,,,
383,2025-02-27,green-belt-reviews,green-belt-reviews,70000,local-authority:WGN,,,
384,2025-02-27,green-belt-reviews,green-belt-reviews,280000,local-authority:WNM,local-authority:WOK;local-authority:BRC;local-authority:SLG,,
385,2025-02-27,green-belt-reviews,green-belt-reviews,70000,local-authority:WOI,,,
386,2025-02-27,green-belt-reviews,green-belt-reviews,70000,local-authority:WLV,,,
387,2025-02-27,green-belt-reviews,green-belt-reviews,70000,local-authority:WYE,,,
388,2025-03-19,local-plan-delivery,local-plan-delivery,250000,local-authority:NSM,,,
389,2025-03-19,local-plan-delivery,local-plan-delivery,250000,local-authority:OAD,,,
390,2025-03-19,local-plan-delivery,local-plan-delivery,227962,local-authority:BAI,,,
391,2025-03-19,local-plan-delivery,local-plan-delivery,227962,local-authority:BAN,,,
392,2025-03-19,local-plan-delivery,local-plan-delivery,227962,local-authority:BAS,,,
393,2025-03-19,local-plan-delivery,local-plan-delivery,227962,local-authority:BIR,,,
394,2025-03-19,local-plan-delivery,local-plan-delivery,227962,local-authority:BLA,,,
395,2025-03-19,local-plan-delivery,local-plan-delivery,227962,local-authority:BRE,,,
396,2025-03-19,local-plan-delivery,local-plan-delivery,227962,local-authority:BRY,,,
397,2025-03-19,local-plan-delivery,local-plan-delivery,227962,local-authority:BUC,,,
398,2025-03-19,local-plan-delivery,local-plan-delivery,227962,local-authority:BUR,,,
399,2025-03-19,local-plan-delivery,local-plan-delivery,227962,local-authority:CMD,,,
400,2025-03-19,local-plan-delivery,local-plan-delivery,227962,local-authority:CAT,,,
401,2025-03-19,local-plan-delivery,local-plan-delivery,227962,local-authority:BRD,,,
402,2025-03-19,local-plan-delivery,local-plan-delivery,227962,local-authority:COT,,,
403,2025-03-19,local-plan-delivery,local-plan-delivery,227962,local-authority:DEB,,,
404,2025-03-19,local-plan-delivery,local-plan-delivery,227962,local-authority:DST,,,
405,2025-03-19,local-plan-delivery,local-plan-delivery,227962,local-authority:EHA,,,
406,2025-03-19,local-plan-delivery,local-plan-delivery,227962,local-authority:EAS,,,
407,2025-03-19,local-plan-delivery,local-plan-delivery,227962,local-authority:FEN,,,
408,2025-03-19,local-plan-delivery,local-plan-delivery,227962,local-authority:FOE,,,
409,2025-03-19,local-plan-delivery,local-plan-delivery,227962,local-authority:GOS,,,
410,2025-03-19,local-plan-delivery,local-plan-delivery,227962,local-authority:GRA,,,
411,2025-03-19,local-plan-delivery,local-plan-delivery,227962,local-authority:GRE,,,
412,2025-03-19,local-plan-delivery,local-plan-delivery,227962,local-authority:HCK,,,
413,2025-03-19,local-plan-delivery,local-plan-delivery,227962,local-authority:HRY,,,
414,2025-03-19,local-plan-delivery,local-plan-delivery,227962,local-authority:HAS,,,
415,2025-03-19,local-plan-delivery,local-plan-delivery,227962,local-authority:HAA,,,
416,2025-03-19,local-plan-delivery,local-plan-delivery,227962,local-authority:HER,,,
417,2025-03-19,local-plan-delivery,local-plan-delivery,227962,local-authority:HIG,,,
418,2025-03-19,local-plan-delivery,local-plan-delivery,227962,local-authority:HIL,,,
419,2025-03-19,local-plan-delivery,local-plan-delivery,227962,local-authority:HIN,,,
420,2025-03-19,local-plan-delivery,local-plan-delivery,227962,local-authority:KHL,,,
421,2025-03-19,local-plan-delivery,local-plan-delivery,227962,local-authority:KTT,,,
422,2025-03-19,local-plan-delivery,local-plan-delivery,227962,local-authority:LDS,,,
423,2025-03-19,local-plan-delivery,local-plan-delivery,227962,local-authority:LEE,,,
424,2025-03-19,local-plan-delivery,local-plan-delivery,227962,local-authority:LIF,,,
425,2025-03-19,local-plan-delivery,local-plan-delivery,227962,local-authority:LIV,,,
426,2025-03-19,local-plan-delivery,local-plan-delivery,227962,local-authority:MAI,,,
427,2025-03-19,local-plan-delivery,local-plan-delivery,227962,local-authority:MAN,,,
428,2025-03-19,local-plan-delivery,local-plan-delivery,227962,local-authority:MAS,,,
429,2025-03-19,local-plan-delivery,local-plan-delivery,227962,local-authority:MDW,,,
430,2025-03-19,local-plan-delivery,local-plan-delivery,227962,local-authority:MIK,,,
431,2025-03-19,local-plan-delivery,local-plan-delivery,227962,local-authority:NEW,,,
432,2025-03-19,local-plan-delivery,local-plan-delivery,227962,local-authority:NEL,,,
433,2025-03-19,local-plan-delivery,local-plan-delivery,227962,local-authority:NNUA,,,
434,2025-03-19,local-plan-delivery,local-plan-delivery,227962,local-authority:NWL,,,
435,2025-03-19,local-plan-delivery,local-plan-delivery,227962,local-authority:OLD,,,
436,2025-03-19,local-plan-delivery,local-plan-delivery,227962,national-park-authority:Q72617988,,,
437,2025-03-19,local-plan-delivery,local-plan-delivery,227962,local-authority:PTE,,,
438,2025-03-19,local-plan-delivery,local-plan-delivery,227962,local-authority:RIB,,,
439,2025-03-19,local-plan-delivery,local-plan-delivery,227962,local-authority:RCH,,,
440,2025-03-19,local-plan-delivery,local-plan-delivery,227962,local-authority:ROC,,,
441,2025-03-19,local-plan-delivery,local-plan-delivery,227962,local-authority:ROH,,,
442,2025-03-19,local-plan-delivery,local-plan-delivery,227962,local-authority:RUG,,,
443,2025-03-19,local-plan-delivery,local-plan-delivery,227962,local-authority:SLF,,,
444,2025-03-19,local-plan-delivery,local-plan-delivery,227962,local-authority:SEV,,,
445,2025-03-19,local-plan-delivery,local-plan-delivery,227962,local-authority:SLG,,,
446,2025-03-19,local-plan-delivery,local-plan-delivery,455925,local-authority:SCA,local-authority:CAB,,
447,2025-03-19,local-plan-delivery,local-plan-delivery,227962,local-authority:SDE,,,
448,2025-03-19,local-plan-delivery,local-plan-delivery,227962,local-authority:SGC,,,
449,2025-03-19,local-plan-delivery,local-plan-delivery,227962,local-authority:SKE,,,
450,2025-03-19,local-plan-delivery,local-plan-delivery,227962,local-authority:SOS,,,
451,2025-03-19,local-plan-delivery,local-plan-delivery,227962,local-authority:SKP,,,
452,2025-03-19,local-plan-delivery,local-plan-delivery,227962,local-authority:STE,,,
453,2025-03-19,local-plan-delivery,local-plan-delivery,227962,local-authority:STR,,,
454,2025-03-19,local-plan-delivery,local-plan-delivery,227962,local-authority:STN,,,
455,2025-03-19,local-plan-delivery,local-plan-delivery,227962,local-authority:SWL,,,
456,2025-03-19,local-plan-delivery,local-plan-delivery,227962,local-authority:TAM,,,
457,2025-03-19,local-plan-delivery,local-plan-delivery,227962,local-authority:TAW,,,
458,2025-03-19,local-plan-delivery,local-plan-delivery,227962,local-authority:TES,,,
459,2025-03-19,local-plan-delivery,local-plan-delivery,683887,local-authority:TEW,local-authority:CHT;local-authority:GLO,,
460,2025-03-19,local-plan-delivery,local-plan-delivery,227962,national-park-authority:Q4972284,,,
461,2025-03-19,local-plan-delivery,local-plan-delivery,227962,local-authority:THE,,,
462,2025-03-19,local-plan-delivery,local-plan-delivery,227962,local-authority:THR,,,
463,2025-03-19,local-plan-delivery,local-plan-delivery,227962,local-authority:TON,,,
464,2025-03-19,local-plan-delivery,local-plan-delivery,227962,local-authority:TOB,,,
465,2025-03-19,local-plan-delivery,local-plan-delivery,227962,local-authority:TRF,,,
466,2025-03-19,local-plan-delivery,local-plan-delivery,227962,local-authority:WAW,,,
467,2025-03-19,local-plan-delivery,local-plan-delivery,227962,local-authority:WEA,,,
468,2025-03-19,local-plan-delivery,local-plan-delivery,227962,local-authority:WNUA,,,
469,2025-03-19,local-plan-delivery,local-plan-delivery,227962,local-authority:WOX,,,
470,2025-03-19,local-plan-delivery,local-plan-delivery,227962,local-authority:WGN,,,
471,2025-03-19,local-plan-delivery,local-plan-delivery,227962,national-park-authority:Q27178932,,,
472,2025-09-28,dpif-round-4.1,improvement,50000,local-authority:BPL,,,
473,2025-09-28,dpif-round-4.1,improvement,50000,local-authority:BRA,,,
474,2025-09-28,dpif-round-4.1,improvement,50000,local-authority:BNH,,,
475,2025-09-28,dpif-round-4.1,improvement,50000,local-authority:CHL,,,
476,2025-09-28,dpif-round-4.1,improvement,50000,local-authority:HEF,,,
477,2025-09-28,dpif-round-4.1,improvement,50000,local-authority:DAR,,,
478,2025-09-28,dpif-round-4.1,improvement,50000,local-authority:DER,,,
479,2025-09-28,dpif-round-4.1,improvement,50000,local-authority:FEN,,,
480,2025-09-28,dpif-round-4.1,improvement,50000,local-authority:GED,,,
481,2025-09-28,dpif-round-4.1,improvement,50000,local-authority:HAR,,,
482,2025-09-28,dpif-round-4.1,improvement,50000,local-authority:KIN,,,
483,2025-09-28,dpif-round-4.1,improvement,50000,local-authority:KTT,,,
484,2025-09-28,dpif-round-4.1,improvement,50000,local-authority:BEX,,,
485,2025-09-28,dpif-round-4.1,improvement,50000,local-authority:BEN,,,
486,2025-09-28,dpif-round-4.1,improvement,50000,local-authority:HCK,,,
487,2025-09-28,dpif-round-4.1,improvement,50000,local-authority:MAV,,,
488,2025-09-28,dpif-round-4.1,improvement,50000,local-authority:NDE,,,
489,2025-09-28,dpif-round-4.1,improvement,50000,local-authority:NGM,,,
490,2025-09-28,dpif-round-4.1,improvement,50000,local-authority:ROT,,,
491,2025-09-28,dpif-round-4.1,improvement,50000,local-authority:SWL,,,
492,2025-09-28,dpif-round-4.1,improvement,50000,local-authority:WFUA,,,
493,2025-09-28,dpif-round-4.1,improvement,50000,local-authority:WIL,,,
494,2025-09-28,dpif-round-4.1,improvement,50000,local-authority:WOC,,,
495,2025-09-28,dpif-round-4.1,improvement,50000,local-authority:WYC,,,
496,2018-12-01,bops-discovery,software,78000,local-authority:SWK,local-authority:HCK;local-authority:GLA,,
497,2018-12-07,bops-alpha,software,100000,local-authority:SWK,local-authority:COV;local-authority:CRY;local-authority:HCK;local-authority:GLA,,
498,2019-10-31,ripa-alpha,software,98500,local-authority:LBH,local-authority:WYO;local-authority:CMD;local-authority:LEW;local-authority:SWK,,
499,2020-03-01,ripa-beta,software,700000,local-authority:LBH,local-authority:BUC;local-authority:SWK;local-authority:CMD;local-authority:NBL,,
500,2020-03-01,bops-beta,software,1025000,local-authority:SWK,local-authority:COV;local-authority:LBH;local-authority:BUC;local-authority:CMD,,







