dataset,field,guidance,hint
address,address,,
address,address-text,,
address,end-date,,
address,entity,,
address,entry-date,,
address,latitude,,
address,longitude,,
address,start-date,,
addressbase-custodian,addressbase-custodian,,
addressbase-custodian,end-date,,
addressbase-custodian,entity,,
addressbase-custodian,entry-date,,
addressbase-custodian,name,,
addressbase-custodian,organisation,,
addressbase-custodian,region,,
addressbase-custodian,start-date,,
addressbase-custodian,uk,,
ancient-woodland-status,ancient-woodland-status,,
ancient-woodland-status,documentation-url,,
ancient-woodland-status,end-date,,
ancient-woodland-status,entity,,
ancient-woodland-status,entry-date,,
ancient-woodland-status,name,,
ancient-woodland-status,reference,,
ancient-woodland-status,start-date,,
ancient-woodland,ancient-woodland,,
ancient-woodland,ancient-woodland-status,,
ancient-woodland,documentation-url,,
ancient-woodland,end-date,,
ancient-woodland,entity,,
ancient-woodland,entry-date,,
ancient-woodland,geometry,,
ancient-woodland,name,,
ancient-woodland,notes,,
ancient-woodland,organisation,,
ancient-woodland,point,,
ancient-woodland,reference,,
ancient-woodland,start-date,,
archaelogy-area-type,categories,,
archaelogy-area-type,documentation-url,,
archaelogy-area-type,end-date,,
archaelogy-area-type,entity,,
archaelogy-area-type,entry-date,,
archaelogy-area-type,geography,,
archaelogy-area-type,geometry,,
archaelogy-area-type,legislation,,
archaelogy-area-type,name,,
archaelogy-area-type,notes,,
archaelogy-area-type,organisation,,
archaelogy-area-type,point,,
archaelogy-area-type,reference,,
archaelogy-area-type,start-date,,
archaelogy-area-type,archaelogy-area-type,,
area-of-outstanding-natural-beauty,document-url,,
area-of-outstanding-natural-beauty,documentation-url,,
area-of-outstanding-natural-beauty,end-date,,
area-of-outstanding-natural-beauty,entity,,
area-of-outstanding-natural-beauty,entry-date,,
area-of-outstanding-natural-beauty,geography,,
area-of-outstanding-natural-beauty,geometry,,
area-of-outstanding-natural-beauty,legislation,,
area-of-outstanding-natural-beauty,name,,
area-of-outstanding-natural-beauty,notes,,
area-of-outstanding-natural-beauty,organisation,,
area-of-outstanding-natural-beauty,point,,
area-of-outstanding-natural-beauty,reference,,
area-of-outstanding-natural-beauty,start-date,,
area-of-outstanding-natural-beauty,twitter,,
area-of-outstanding-natural-beauty,website,,
area-of-outstanding-natural-beauty,wikidata,,
area-of-outstanding-natural-beauty,wikipedia,,
article-4-direction-area,article-4-direction,,
article-4-direction-area,article-4-direction-rules,,
article-4-direction-area,address-text,,
article-4-direction-area,documentation-url,,
article-4-direction-area,document-url,,
article-4-direction-area,end-date,,
article-4-direction-area,entity,,
article-4-direction-area,entry-date,,
article-4-direction-area,geometry,,
article-4-direction-area,name,,
article-4-direction-area,description,,
article-4-direction-area,notes,,
article-4-direction-area,organisation,,
article-4-direction-area,point,,
article-4-direction-area,prefix,,
article-4-direction-area,reference,,
article-4-direction-area,start-date,,
article-4-direction-area,uprn,,
article-4-direction-rule,documentation-url,,
article-4-direction-rule,document-url,,
article-4-direction-rule,end-date,,
article-4-direction-rule,entity,,
article-4-direction-rule,entry-date,,
article-4-direction-rule,name,,
article-4-direction-rule,description,,
article-4-direction-rule,notes,,
article-4-direction-rule,organisation,,
article-4-direction-rule,parent-article-4-direction-rule,,
article-4-direction-rule,prefix,,
article-4-direction-rule,reference,,
article-4-direction-rule,start-date,,
article-4-direction,documentation-url,,
article-4-direction,document-url,,
article-4-direction,end-date,,
article-4-direction,entity,,
article-4-direction,entry-date,,
article-4-direction,name,,
article-4-direction,description,,
article-4-direction,notes,,
article-4-direction,organisation,,
article-4-direction,prefix,,
article-4-direction,reference,,
article-4-direction,start-date,,
asset-of-community-value,categories,,
asset-of-community-value,documentation-url,,
asset-of-community-value,end-date,,
asset-of-community-value,entity,,
asset-of-community-value,entry-date,,
asset-of-community-value,geography,,
asset-of-community-value,geometry,,
asset-of-community-value,legislation,,
asset-of-community-value,name,,
asset-of-community-value,notes,,
asset-of-community-value,organisation,,
asset-of-community-value,point,,
asset-of-community-value,reference,,
asset-of-community-value,start-date,,
asset-of-community-value,asset-of-community-value,,
attribution,attribution,,
attribution,end-date,,
attribution,entity,,
attribution,entry-date,,
attribution,start-date,,
attribution,text,,
battlefield,document-url,,
battlefield,documentation-url,,
battlefield,end-date,,
battlefield,entity,,
battlefield,entry-date,,
battlefield,geometry,,
battlefield,name,,
battlefield,notes,,
battlefield,organisation,,
battlefield,point,,
battlefield,reference,,
battlefield,start-date,,
battlefield,wikidata,,
battlefield,wikipedia,,
best-and-most-versatile-agricultural-land,categories,,
best-and-most-versatile-agricultural-land,documentation-url,,
best-and-most-versatile-agricultural-land,end-date,,
best-and-most-versatile-agricultural-land,entity,,
best-and-most-versatile-agricultural-land,entry-date,,
best-and-most-versatile-agricultural-land,geography,,
best-and-most-versatile-agricultural-land,geometry,,
best-and-most-versatile-agricultural-land,legislation,,
best-and-most-versatile-agricultural-land,name,,
best-and-most-versatile-agricultural-land,notes,,
best-and-most-versatile-agricultural-land,organisation,,
best-and-most-versatile-agricultural-land,point,,
best-and-most-versatile-agricultural-land,reference,,
best-and-most-versatile-agricultural-land,start-date,,
best-and-most-versatile-agricultural-land,best-and-most-versatile-agricultural-land,,
biodiversity-net-gain-assessment,description,,
biodiversity-net-gain-assessment,developer-agreement-type,,
biodiversity-net-gain-assessment,development-plan-document,,
biodiversity-net-gain-assessment,development-plan-types,,
biodiversity-net-gain-assessment,development-policies,,
biodiversity-net-gain-assessment,document,,
biodiversity-net-gain-assessment,document-types,,
biodiversity-net-gain-assessment,document-url,,
biodiversity-net-gain-assessment,end-date,,
biodiversity-net-gain-assessment,entity,,
biodiversity-net-gain-assessment,entry-date,,
biodiversity-net-gain-assessment,geographies,,
biodiversity-net-gain-assessment,name,,
biodiversity-net-gain-assessment,notes,,
biodiversity-net-gain-assessment,organisations,,
biodiversity-net-gain-assessment,planning-application,,
biodiversity-net-gain-assessment,start-date,,
biodiversity-net-gain-assessment,biodiversity-net-gain-assessment,,
brownfield-land,Deliverable,Enter ‘yes’ if there is a reasonable prospect that residential development will take place on the land within 5 years of the date you enter this site in the register. Otherwise leave this field blank.,
brownfield-land,EndDate,"If the site no longer needs to be listed (for example, if the site has been built on), it should remain on the register for historical reasons and not be deleted. Enter the date the site was developed or determined to no longer be brownfield land, in the format YYYY-MM-DD. This field should only be filled in once the site is no longer classified as brownfield land.",
brownfield-land,FirstAddedDate,"Enter the date that the site was first added to this register, in the format YYYY-MM-DD.",
brownfield-land,GeoX,"Enter the longitude of a point close to the centre of the site. The value should be 6 or fewer decimal places, using the WGS84 or ETRS89 coordinate systems specified by the [open standards for government guidance](https://www.gov.uk/government/publications/open-standards-for-government/exchange-of-location-point). $CTA Be sure you do not mix up the latitude (Geo Y) and longitude (Geo X) values. Any location in the UK will have a latitude (Geo Y) from about 49 to 57 and a longitude (Geo X) from about -7 to 2. $CTA",
brownfield-land,GeoY,"Enter the latitude of a point close to the centre of the site. The value should be 6 or fewer decimal places, using the WGS84 or ETRS89 coordinate systems specified by the [open standards for government guidance](https://www.gov.uk/government/publications/open-standards-for-government/exchange-of-location-point).",
brownfield-land,HazardousSubstances,Enter ‘yes’ if the local planning authority is required by regulation 26(3) of the [Planning (Hazardous Substances) Regulations 2015](https://www.legislation.gov.uk/uksi/2015/627/regulation/26/made) to conduct an environmental impact assessment on the proposed development. Otherwise leave this blank.,
brownfield-land,Hectares,"Enter the land area of the site in hectares, up to 2 decimal places. Use digits (2) rather than words (two).",
brownfield-land,LastUpdatedDate,"Enter the date this entry in the register was updated, in the format YYYY-MM-DD.",
brownfield-land,MinNetDwellings,,
brownfield-land,NetDwellingsRangeFrom,"Enter the minimum number of dwellings that the local planning authority estimates the site should support, as defined in [regulation 2 of the 2017 Regulations](http://www.legislation.gov.uk/uksi/2017/403/regulation/2/made).",
brownfield-land,NetDwellingsRangeTo,"Enter the maximum number of dwellings that the local planning authority estimates the site should support, as defined in [regulation 2 of the 2017 Regulations](http://www.legislation.gov.uk/uksi/2017/403/regulation/2/made).",
brownfield-land,Notes,"Enter any general information about a site that developers might find useful, including a description of any housing development proposed for the site.
You may include links to any web pages that give:
* information on planning decisions related to any environmental impact assessments * the results of any related consultations * an explanation of how they were taken into account when making the decisions
You may also describe any non-housing development proposed for the site. Indicate how the buildings or land will be used, and the scale of any such development.
Content in this field does not need to be on a single line, but should be no longer than 4,000 characters. You can leave this field blank.",
brownfield-land,OrganisationLabel,,
brownfield-land,OrganisationURI,[Find your organisation in this list](https://www.digital-land.info/entity?typology=organisation) and enter the corresponding Open Data Communities URI.,
brownfield-land,OwnershipStatus,"Indicate the site’s ownership by entering one of the following values:
* owned by a public authority * not owned by a public authority * mixed ownership
For more information see paragraph 5 of [Schedule 2 of the 2017 Regulations](http://www.legislation.gov.uk/uksi/2017/403/schedule/2/made).",
brownfield-land,PermissionDate,"Enter the date the most recent permission was granted on the site, in the format YYYY-MM-DD. If no permission has been granted leave this blank.",
brownfield-land,PermissionType,"Choose one of the following to indicate what permission type the site has:
* full planning permission * outline planning permission * reserved matters approval * permission in principle * technical details consent * planning permission granted under an order * other
‘Planning permission granted under an order’ means planning permission granted under a local development order, a mayoral development order or a neighbourhood development order.
Where more than one permission exists for the site, identify the latest permission granted. List any other permissions, including the date that each permission was granted or deemed to have been granted, in the ’Notes’ column.",
brownfield-land,PlanningHistory,"Enter links to any web pages that give information on the site’s planning history (include the “http://” or “https://” prefix). Fields in this column can contain more than one link, as long as you separate multiple links with the pipe character (‘|’). You can leave this field blank.",
brownfield-land,PlanningStatus,"Choose one of the following to indicate what stage of the planning process the site is at:
* permissioned * not permissioned * pending decision
When part of a site is permissioned, it should be recorded as “permissioned” and you should explain in the ‘Notes’ field why it’s only partly permissioned.
For more information see paragraph 5 of [Schedule 2 of the 2017 Regulations](http://www.legislation.gov.uk/uksi/2017/403/schedule/2/made).",
brownfield-land,SiteNameAddress,"Enter the site name and address in a single line of text, for example:
``` Parcel of land behind, 221B Baker Street, Marylebone, London, NW1 6XE ```",
brownfield-land,SiteReference,"Enter the unique reference your organisation uses to identify the site.
If one doesn’t exist, you need to create one. It should not be used by your organisation to identify any other sites, but can be borrowed from another data set listing the site. You could use the strategic site identifier from your local plan, for example:
``` EH/141 ```",
brownfield-land,SiteplanURL,"Enter the URL of a web page hosting the site plan, beginning with either “http://” or “https://”.",
brownfield-land,deliverable,,
brownfield-land,end-date,,
brownfield-land,entity,,
brownfield-land,entry-date,,
brownfield-land,hazardous-substances,,
brownfield-land,hectares,,
brownfield-land,latitude,,
brownfield-land,longitude,,
brownfield-land,maximum-net-dwellings,,
brownfield-land,minimum-net-dwellings,,
brownfield-land,name,,
brownfield-land,notes,,
brownfield-land,organisation,,
brownfield-land,ownership-status,,
brownfield-land,planning-permission-date,,
brownfield-land,planning-permission-history,,
brownfield-land,planning-permission-status,,
brownfield-land,planning-permission-type,,
brownfield-land,point,,
brownfield-land,site,,
brownfield-land,site-address,,
brownfield-land,site-plan-url,,
brownfield-land,site-categories,,
brownfield-land,start-date,,
brownfield-land,brownfield-land,,
brownfield-site,categories,,
brownfield-site,documentation-url,,
brownfield-site,end-date,,
brownfield-site,entity,,
brownfield-site,entry-date,,
brownfield-site,geography,,
brownfield-site,geometry,,
brownfield-site,legislation,,
brownfield-site,name,,
brownfield-site,notes,,
brownfield-site,organisation,,
brownfield-site,point,,
brownfield-site,reference,,
brownfield-site,start-date,,
brownfield-site,brownfield-site,,
buffer-zone,categories,,
buffer-zone,documentation-url,,
buffer-zone,end-date,,
buffer-zone,entity,,
buffer-zone,entry-date,,
buffer-zone,geography,,
buffer-zone,geometry,,
buffer-zone,legislation,,
buffer-zone,name,,
buffer-zone,notes,,
buffer-zone,organisation,,
buffer-zone,point,,
buffer-zone,reference,,
buffer-zone,start-date,,
buffer-zone,buffer-zone,,
building-preservation-notice,categories,,
building-preservation-notice,documentation-url,,
building-preservation-notice,end-date,,
building-preservation-notice,entity,,
building-preservation-notice,entry-date,,
building-preservation-notice,geography,,
building-preservation-notice,geometry,,
building-preservation-notice,legislation,,
building-preservation-notice,name,,
building-preservation-notice,notes,,
building-preservation-notice,organisation,,
building-preservation-notice,point,,
building-preservation-notice,reference,,
building-preservation-notice,start-date,,
building-preservation-notice,building-preservation-notice,,
category,category,,
category,end-date,,
category,entity,,
category,entry-date,,
category,name,,
category,start-date,,
central-activities-zone,description,,
central-activities-zone,documentation-url,,
central-activities-zone,end-date,,
central-activities-zone,entity,,
central-activities-zone,entry-date,,
central-activities-zone,geometry,,
central-activities-zone,name,,
central-activities-zone,notes,,
central-activities-zone,organisation,,
central-activities-zone,point,,
central-activities-zone,prefix,,
central-activities-zone,reference,,
central-activities-zone,start-date,,
certificate-of-immunity,categories,,
certificate-of-immunity,documentation-url,,
certificate-of-immunity,end-date,,
certificate-of-immunity,entity,,
certificate-of-immunity,entry-date,,
certificate-of-immunity,geography,,
certificate-of-immunity,geometry,,
certificate-of-immunity,legislation,,
certificate-of-immunity,name,,
certificate-of-immunity,notes,,
certificate-of-immunity,organisation,,
certificate-of-immunity,point,,
certificate-of-immunity,reference,,
certificate-of-immunity,start-date,,
certificate-of-immunity,certificate-of-immunity,,
checksum,bytes,,
checksum,checksum,,
checksum,dataset,,
checksum,end-date,,
checksum,entry-date,,
checksum,line-count,,
checksum,path,,
checksum,start-date,,
coastal-change-management-area,categories,,
coastal-change-management-area,documentation-url,,
coastal-change-management-area,end-date,,
coastal-change-management-area,entity,,
coastal-change-management-area,entry-date,,
coastal-change-management-area,geography,,
coastal-change-management-area,geometry,,
coastal-change-management-area,legislation,,
coastal-change-management-area,name,,
coastal-change-management-area,notes,,
coastal-change-management-area,organisation,,
coastal-change-management-area,point,,
coastal-change-management-area,reference,,
coastal-change-management-area,start-date,,
coastal-change-management-area,coastal-change-management-area,,
collection,collection,,
collection,end-date,,
collection,entry-date,,
collection,name,,
collection,start-date,,
column-field,end-date,,
column-field,entry-date,,
column-field,field,,
column-field,dataset,,
column-field,start-date,,
column-field,resource,,
column-field,column,,
column,column,,
column,dataset,,
column,end-date,,
column,entry-date,,
column,field,,
column,resource,,
column,start-date,,
combine,end-date,,
combine,entry-date,,
combine,field,,
combine,dataset,,
combine,resource,,
combine,separator,,
combine,start-date,,
common-land-and-village-green,categories,,
common-land-and-village-green,documentation-url,,
common-land-and-village-green,end-date,,
common-land-and-village-green,entity,,
common-land-and-village-green,entry-date,,
common-land-and-village-green,geography,,
common-land-and-village-green,geometry,,
common-land-and-village-green,legislation,,
common-land-and-village-green,name,,
common-land-and-village-green,notes,,
common-land-and-village-green,organisation,,
common-land-and-village-green,point,,
common-land-and-village-green,reference,,
common-land-and-village-green,start-date,,
common-land-and-village-green,common-land-and-village-green,,
company,end-date,,
company,entity,,
company,entry-date,,
company,name,,
company,start-date,,
company,twitter,,
company,website,,
company,wikidata,,
company,wikipedia,,
concat,end-date,,
concat,entry-date,,
concat,field,,
concat,fields,,
concat,dataset,,
concat,resource,,
concat,separator,,
concat,start-date,,
conservation-area,categories,,
conservation-area,documentation-url,,
conservation-area,end-date,,
conservation-area,entity,,
conservation-area,entry-date,,
conservation-area,geometry,,
conservation-area,legislation,,
conservation-area,name,,
conservation-area,notes,,
conservation-area,organisation,,
conservation-area,point,,
conservation-area,reference,,
conservation-area,start-date,,
conservation-area,conservation-area,,
contaminated-land,categories,,
contaminated-land,documentation-url,,
contaminated-land,end-date,,
contaminated-land,entity,,
contaminated-land,entry-date,,
contaminated-land,geography,,
contaminated-land,geometry,,
contaminated-land,legislation,,
contaminated-land,name,,
contaminated-land,notes,,
contaminated-land,organisation,,
contaminated-land,point,,
contaminated-land,reference,,
contaminated-land,start-date,,
contaminated-land,contaminated-land,,
contribution-funding-status,contribution-funding-status,,
contribution-funding-status,end-date,,
contribution-funding-status,entity,,
contribution-funding-status,entry-date,,
contribution-funding-status,name,,
contribution-funding-status,start-date,,
contribution-purpose,contribution-purpose,,
contribution-purpose,developer-agreement-type,,
contribution-purpose,end-date,,
contribution-purpose,entity,,
contribution-purpose,entry-date,,
contribution-purpose,name,,
contribution-purpose,start-date,,
control-of-major-accident-hazards-site,categories,,
control-of-major-accident-hazards-site,documentation-url,,
control-of-major-accident-hazards-site,end-date,,
control-of-major-accident-hazards-site,entity,,
control-of-major-accident-hazards-site,entry-date,,
control-of-major-accident-hazards-site,geography,,
control-of-major-accident-hazards-site,geometry,,
control-of-major-accident-hazards-site,legislation,,
control-of-major-accident-hazards-site,name,,
control-of-major-accident-hazards-site,notes,,
control-of-major-accident-hazards-site,organisation,,
control-of-major-accident-hazards-site,point,,
control-of-major-accident-hazards-site,reference,,
control-of-major-accident-hazards-site,start-date,,
control-of-major-accident-hazards-site,control-of-major-accident-hazards-site,,
convert,end-date,,
convert,entry-date,,
convert,parameters,,
convert,dataset,,
convert,plugin,,
convert,resource,,
convert,start-date,,
datapackage-dataset,datapackage,,
datapackage-dataset,dataset,,
datapackage-dataset,end-date,,
datapackage-dataset,entry-date,,
datapackage-dataset,start-date,,
datapackage,datapackage,,
datapackage,description,,
datapackage,end-date,,
datapackage,entry-date,,
datapackage,name,,
datapackage,start-date,,
datapackage,text,,
dataset-field,end-date,,
dataset-field,entry-date,,
dataset-field,field,,
dataset-field,guidance,,
dataset-field,hint,,
dataset-field,dataset,,
dataset-field,start-date,,
dataset-resource,end-date,,
dataset-resource,entry-date,,
dataset-resource,dataset,,
dataset-resource,entity-count,,
dataset-resource,entry-count,,
dataset-resource,line-count,,
dataset-resource,mime-type,,
dataset-resource,internal-path,,
dataset-resource,internal-mime-type,,
dataset-resource,resource,,
dataset-resource,start-date,,
dataset-schema,dataset,,
dataset-schema,end-date,,
dataset-schema,entry-date,,
dataset-schema,schema,,
dataset-schema,start-date,,
dataset,attribution,,
dataset,collection,,
dataset,dataset,,
dataset,description,,
dataset,end-date,,
dataset,entry-date,,
dataset,key-field,,
dataset,entity-minimum,,
dataset,entity-maximum,,
dataset,licence,,
dataset,name,,
dataset,paint-options,,
dataset,plural,,
dataset,prefix,,
dataset,start-date,,
dataset,text,,
dataset,themes,,
dataset,typology,,
dataset,wikidata,,
dataset,wikipedia,,
datatype,datatype,,
datatype,end-date,,
datatype,entry-date,,
datatype,name,,
datatype,start-date,,
datatype,text,,
default-value,end-date,,
default-value,entry-date,,
default-value,entry-number,,
default-value,endpoint,,
default-value,field,,
default-value,dataset,,
default-value,resource,,
default-value,start-date,,
default-value,value,,
default,default-field,,
default,end-date,,
default,entry-date,,
default,field,,
default,dataset,,
default,resource,,
default,start-date,,
design-code-area,description,,
design-code-area,design-code,,
design-code-area,documentation-url,,
design-code-area,document-url,,
design-code-area,end-date,,
design-code-area,entity,,
design-code-area,entry-date,,
design-code-area,geometry,,
design-code-area,name,,
design-code-area,notes,,
design-code-area,organisation,,
design-code-area,point,,
design-code-area,prefix,,
design-code-area,reference,,
design-code-area,start-date,,
design-code-category,end-date,,
design-code-category,entity,,
design-code-category,entry-date,,
design-code-category,name,,
design-code-category,prefix,,
design-code-category,reference,,
design-code-category,start-date,,
design-code-rule,documentation-url,,
design-code-rule,document-url,,
design-code-rule,end-date,,
design-code-rule,entity,,
design-code-rule,entry-date,,
design-code-rule,name,,
design-code-rule,description,,
design-code-rule,notes,,
design-code-rule,organisation,,
design-code-rule,prefix,,
design-code-rule,reference,,
design-code-rule,start-date,,
design-code-status,end-date,,
design-code-status,entity,,
design-code-status,entry-date,,
design-code-status,name,,
design-code-status,prefix,,
design-code-status,reference,,
design-code-status,start-date,,
design-code,design-code-status,,
design-code,design-code-categories,,
design-code,description,,
design-code,documentation-url,,
design-code,document-url,,
design-code,end-date,,
design-code,entity,,
design-code,entry-date,,
design-code,name,,
design-code,notes,,
design-code,organisation,,
design-code,prefix,,
design-code,reference,,
design-code,start-date,,
developer-agreement-contribution,amount,,
developer-agreement-contribution,contribution-purpose,,
developer-agreement-contribution,developer-agreement,,
developer-agreement-contribution,developer-agreement-contribution,,
developer-agreement-contribution,end-date,,
developer-agreement-contribution,entity,,
developer-agreement-contribution,entry-date,,
developer-agreement-contribution,organisation,,
developer-agreement-contribution,start-date,,
developer-agreement-contribution,units,,
developer-agreement-transaction,amount,,
developer-agreement-transaction,contribution-funding-status,,
developer-agreement-transaction,developer-agreement-contribution,,
developer-agreement-transaction,developer-agreement-transaction,,
developer-agreement-transaction,end-date,,
developer-agreement-transaction,entity,,
developer-agreement-transaction,entry-date,,
developer-agreement-transaction,organisation,,
developer-agreement-transaction,start-date,,
developer-agreement-transaction,units,,
developer-agreement-type,developer-agreement-type,,
developer-agreement-type,end-date,,
developer-agreement-type,entity,,
developer-agreement-type,entry-date,,
developer-agreement-type,name,,
developer-agreement-type,start-date,,
developer-agreement,developer-agreement,,
developer-agreement,developer-agreement-type,,
developer-agreement,document-url,,
developer-agreement,end-date,,
developer-agreement,entity,,
developer-agreement,entry-date,,
developer-agreement,organisation,,
developer-agreement,planning-application,,
developer-agreement,start-date,,
development-corporation,company,,
development-corporation,end-date,,
development-corporation,entity,,
development-corporation,entry-date,,
development-corporation,local-planning-authority,,
development-corporation,name,,
development-corporation,opendatacommunities-uri,,
development-corporation,parliament-thesaurus,,
development-corporation,reference,,
development-corporation,start-date,,
development-corporation,statistical-geography,,
development-corporation,twitter,,
development-corporation,website,,
development-corporation,wikidata,,
development-corporation,wikipedia,,
development-metric,development-metric,,
development-metric,end-date,,
development-metric,entity,,
development-metric,entry-date,,
development-metric,name,,
development-metric,start-date,,
development-plan-document,description,,
development-plan-document,development-plan-document,,
development-plan-document,development-plan-types,,
development-plan-document,development-policies,,
development-plan-document,document-url,,
development-plan-document,end-date,,
development-plan-document,entity,,
development-plan-document,entry-date,,
development-plan-document,geographies,,
development-plan-document,name,,
development-plan-document,notes,,
development-plan-document,organisations,,
development-plan-document,start-date,,
development-plan-status,development-plan-status,,
development-plan-status,end-date,,
development-plan-status,entity,,
development-plan-status,entry-date,,
development-plan-status,name,,
development-plan-status,start-date,,
development-plan-timetable,development-plan-document,,
development-plan-timetable,development-plan-status,,
development-plan-timetable,end-date,,
development-plan-timetable,entity,,
development-plan-timetable,entry-date,,
development-plan-timetable,notes,,
development-plan-timetable,start-date,,
development-plan-timetable,development-plan-timetable,,
development-plan-type,development-plan-type,,
development-plan-type,end-date,,
development-plan-type,entity,,
development-plan-type,entry-date,,
development-plan-type,name,,
development-plan-type,start-date,,
development-policy-area,documentation-url,,
development-policy-area,end-date,,
development-policy-area,entity,,
development-policy-area,entry-date,,
development-policy-area,geography,,
development-policy-area,geometry,,
development-policy-area,name,,
development-policy-area,organisation,,
development-policy-area,start-date,,
development-policy-area,development-policy-area,,
development-policy-category,development-policy-category,,
development-policy-category,end-date,,
development-policy-category,entity,,
development-policy-category,entry-date,,
development-policy-category,name,,
development-policy-category,start-date,,
development-policy-metric,development-metric,,
development-policy-metric,development-policy,,
development-policy-metric,end-date,,
development-policy-metric,entity,,
development-policy-metric,entry-date,,
development-policy-metric,start-date,,
development-policy-metric,value,,
development-policy-metric,development-policy-metric,,
development-policy,description,,
development-policy,development-policy,,
development-policy,development-policy-categories,,
development-policy,end-date,,
development-policy,entity,,
development-policy,entry-date,,
development-policy,geographies,,
development-policy,name,,
development-policy,notes,,
development-policy,organisation,,
development-policy,start-date,,
document-type,category,,
document-type,end-date,,
document-type,entity,,
document-type,entry-date,,
document-type,name,,
document-type,start-date,,
document-type,document-type,,
document,description,,
document,developer-agreement-type,,
document,development-plan-document,,
document,development-plan-types,,
document,development-policies,,
document,document,,
document,document-types,,
document,document-url,,
document,end-date,,
document,entity,,
document,entry-date,,
document,geographies,,
document,name,,
document,notes,,
document,organisations,,
document,planning-application,,
document,start-date,,
employment-allocation,categories,,
employment-allocation,documentation-url,,
employment-allocation,end-date,,
employment-allocation,entity,,
employment-allocation,entry-date,,
employment-allocation,geography,,
employment-allocation,geometry,,
employment-allocation,legislation,,
employment-allocation,name,,
employment-allocation,notes,,
employment-allocation,organisation,,
employment-allocation,point,,
employment-allocation,reference,,
employment-allocation,start-date,,
employment-allocation,employment-allocation,,
endpoint,end-date,,
endpoint,endpoint,,
endpoint,endpoint-url,,
endpoint,entry-date,,
endpoint,parameters,,
endpoint,plugin,,
endpoint,start-date,,
entity,dataset,,
entity,end-date,,
entity,entity,,
entity,entry-date,,
entity,geojson,,
entity,geometry,,
entity,geometry-geom,,
entity,json,,
entity,name,,
entity,organisation-entity,,
entity,point-geom,,
entity,point,,
entity,prefix,,
entity,reference,,
entity,start-date,,
entity,typology,,
fact-resource,end-date,,
fact-resource,fact,,
fact-resource,entry-date,,
fact-resource,entry-number,,
fact-resource,resource,,
fact-resource,start-date,,
fact,end-date,,
fact,entity,,
fact,fact,,
fact,field,,
fact,entry-date,,
fact,reference-entity,,
fact,start-date,,
fact,value,,
field,cardinality,,
field,datatype,,
field,description,,
field,end-date,,
field,entry-date,,
field,field,,
field,guidance,,
field,hint,,
field,name,,
field,parent-field,,
field,replacement-field,,
field,start-date,,
field,text,,
field,typology,,
field,uri-template,,
field,wikidata-property,,
filter,end-date,,
filter,entry-date,,
filter,field,,
filter,pattern,,
filter,dataset,,
filter,resource,,
filter,start-date,,
flood-zone-1,categories,,
flood-zone-1,documentation-url,,
flood-zone-1,end-date,,
flood-zone-1,entity,,
flood-zone-1,entry-date,,
flood-zone-1,geography,,
flood-zone-1,geometry,,
flood-zone-1,legislation,,
flood-zone-1,name,,
flood-zone-1,notes,,
flood-zone-1,organisation,,
flood-zone-1,point,,
flood-zone-1,reference,,
flood-zone-1,start-date,,
flood-zone-1,flood-zone-1,,
flood-zone-2,categories,,
flood-zone-2,documentation-url,,
flood-zone-2,end-date,,
flood-zone-2,entity,,
flood-zone-2,entry-date,,
flood-zone-2,geography,,
flood-zone-2,geometry,,
flood-zone-2,legislation,,
flood-zone-2,name,,
flood-zone-2,notes,,
flood-zone-2,organisation,,
flood-zone-2,point,,
flood-zone-2,reference,,
flood-zone-2,start-date,,
flood-zone-2,flood-zone-2,,
flood-zone-3,categories,,
flood-zone-3,documentation-url,,
flood-zone-3,end-date,,
flood-zone-3,entity,,
flood-zone-3,entry-date,,
flood-zone-3,geography,,
flood-zone-3,geometry,,
flood-zone-3,legislation,,
flood-zone-3,name,,
flood-zone-3,notes,,
flood-zone-3,organisation,,
flood-zone-3,point,,
flood-zone-3,reference,,
flood-zone-3,start-date,,
flood-zone-3,flood-zone-3,,
geography,categories,,
geography,documentation-url,,
geography,end-date,,
geography,entity,,
geography,entry-date,,
geography,geography,,
geography,geometry,,
geography,legislation,,
geography,name,,
geography,notes,,
geography,organisation,,
geography,point,,
geography,reference,,
geography,start-date,,
geometry,end-date,,
geometry,entity,,
geometry,entry-date,,
geometry,geojson,,
geometry,geometry,,
geometry,geometry-geom,,
geometry,point-geom,,
geometry,point,,
geometry,start-date,,
government-organisation,billing-authority,,
government-organisation,end-date,,
government-organisation,entity,,
government-organisation,entry-date,,
government-organisation,name,,
government-organisation,opendatacommunities-uri,,
government-organisation,parliament-thesaurus,,
government-organisation,prefix,,
government-organisation,reference,,
government-organisation,start-date,,
government-organisation,statistical-geography,,
government-organisation,twitter,,
government-organisation,website,,
government-organisation,website-url,,
government-organisation,wikidata,,
government-organisation,wikipedia,,
green-belt-core,end-date,,
green-belt-core,entity,,
green-belt-core,entry-date,,
green-belt-core,name,,
green-belt-core,reference,,
green-belt-core,start-date,,
green-belt-core,wikidata,,
green-belt-core,wikipedia,,
green-belt,end-date,,
green-belt,entity,,
green-belt,entry-date,,
green-belt,geometry,,
green-belt,green-belt-core,,
green-belt,local-authority-district,,
green-belt,name,,
green-belt,organisation,,
green-belt,reference,,
green-belt,start-date,,
guardianship-site-and-english-heritage-site,categories,,
guardianship-site-and-english-heritage-site,documentation-url,,
guardianship-site-and-english-heritage-site,end-date,,
guardianship-site-and-english-heritage-site,entity,,
guardianship-site-and-english-heritage-site,entry-date,,
guardianship-site-and-english-heritage-site,geography,,
guardianship-site-and-english-heritage-site,geometry,,
guardianship-site-and-english-heritage-site,legislation,,
guardianship-site-and-english-heritage-site,name,,
guardianship-site-and-english-heritage-site,notes,,
guardianship-site-and-english-heritage-site,organisation,,
guardianship-site-and-english-heritage-site,point,,
guardianship-site-and-english-heritage-site,reference,,
guardianship-site-and-english-heritage-site,start-date,,
guardianship-site-and-english-heritage-site,guardianship-site-and-english-heritage-site,,
gypsy-and-traveller-site,categories,,
gypsy-and-traveller-site,documentation-url,,
gypsy-and-traveller-site,end-date,,
gypsy-and-traveller-site,entity,,
gypsy-and-traveller-site,entry-date,,
gypsy-and-traveller-site,geography,,
gypsy-and-traveller-site,geometry,,
gypsy-and-traveller-site,legislation,,
gypsy-and-traveller-site,name,,
gypsy-and-traveller-site,notes,,
gypsy-and-traveller-site,organisation,,
gypsy-and-traveller-site,point,,
gypsy-and-traveller-site,reference,,
gypsy-and-traveller-site,start-date,,
gypsy-and-traveller-site,gypsy-and-traveller-site,,
heritage-action-zone,categories,,
heritage-action-zone,documentation-url,,
heritage-action-zone,end-date,,
heritage-action-zone,entity,,
heritage-action-zone,entry-date,,
heritage-action-zone,geography,,
heritage-action-zone,geometry,,
heritage-action-zone,legislation,,
heritage-action-zone,name,,
heritage-action-zone,notes,,
heritage-action-zone,organisation,,
heritage-action-zone,point,,
heritage-action-zone,reference,,
heritage-action-zone,start-date,,
heritage-action-zone,heritage-action-zone,,
heritage-at-risk,categories,,
heritage-at-risk,documentation-url,,
heritage-at-risk,end-date,,
heritage-at-risk,entity,,
heritage-at-risk,entry-date,,
heritage-at-risk,geography,,
heritage-at-risk,geometry,,
heritage-at-risk,legislation,,
heritage-at-risk,name,,
heritage-at-risk,notes,,
heritage-at-risk,organisation,,
heritage-at-risk,point,,
heritage-at-risk,reference,,
heritage-at-risk,start-date,,
heritage-at-risk,heritage-at-risk,,
heritage-coast,categories,,
heritage-coast,documentation-url,,
heritage-coast,end-date,,
heritage-coast,entity,,
heritage-coast,entry-date,,
heritage-coast,geography,,
heritage-coast,geometry,,
heritage-coast,legislation,,
heritage-coast,name,,
heritage-coast,notes,,
heritage-coast,organisation,,
heritage-coast,point,,
heritage-coast,reference,,
heritage-coast,start-date,,
heritage-coast,heritage-coast,,
historic-non-designed-rural-landscape-local-landscape-area,categories,,
historic-non-designed-rural-landscape-local-landscape-area,documentation-url,,
historic-non-designed-rural-landscape-local-landscape-area,end-date,,
historic-non-designed-rural-landscape-local-landscape-area,entity,,
historic-non-designed-rural-landscape-local-landscape-area,entry-date,,
historic-non-designed-rural-landscape-local-landscape-area,geography,,
historic-non-designed-rural-landscape-local-landscape-area,geometry,,
historic-non-designed-rural-landscape-local-landscape-area,legislation,,
historic-non-designed-rural-landscape-local-landscape-area,name,,
historic-non-designed-rural-landscape-local-landscape-area,notes,,
historic-non-designed-rural-landscape-local-landscape-area,organisation,,
historic-non-designed-rural-landscape-local-landscape-area,point,,
historic-non-designed-rural-landscape-local-landscape-area,reference,,
historic-non-designed-rural-landscape-local-landscape-area,start-date,,
historic-non-designed-rural-landscape-local-landscape-area,historic-non-designed-rural-landscape-local-landscape-area,,
historic-stone-quarry,categories,,
historic-stone-quarry,documentation-url,,
historic-stone-quarry,end-date,,
historic-stone-quarry,entity,,
historic-stone-quarry,entry-date,,
historic-stone-quarry,geography,,
historic-stone-quarry,geometry,,
historic-stone-quarry,legislation,,
historic-stone-quarry,name,,
historic-stone-quarry,notes,,
historic-stone-quarry,organisation,,
historic-stone-quarry,point,,
historic-stone-quarry,reference,,
historic-stone-quarry,start-date,,
historic-stone-quarry,historic-stone-quarry,,
housing-allocation,categories,,
housing-allocation,documentation-url,,
housing-allocation,end-date,,
housing-allocation,entity,,
housing-allocation,entry-date,,
housing-allocation,geography,,
housing-allocation,geometry,,
housing-allocation,legislation,,
housing-allocation,name,,
housing-allocation,notes,,
housing-allocation,organisation,,
housing-allocation,point,,
housing-allocation,reference,,
housing-allocation,start-date,,
housing-allocation,housing-allocation,,
hs2-safeguarded-area,categories,,
hs2-safeguarded-area,documentation-url,,
hs2-safeguarded-area,end-date,,
hs2-safeguarded-area,entity,,
hs2-safeguarded-area,entry-date,,
hs2-safeguarded-area,geography,,
hs2-safeguarded-area,geometry,,
hs2-safeguarded-area,legislation,,
hs2-safeguarded-area,name,,
hs2-safeguarded-area,notes,,
hs2-safeguarded-area,organisation,,
hs2-safeguarded-area,point,,
hs2-safeguarded-area,reference,,
hs2-safeguarded-area,start-date,,
hs2-safeguarded-area,hs2-safeguarded-area,,
infrastructure-funding-statement,document-url,,
infrastructure-funding-statement,documentation-url,,
infrastructure-funding-statement,end-date,,
infrastructure-funding-statement,entity,,
infrastructure-funding-statement,entry-date,,
infrastructure-funding-statement,infrastructure-funding-statement,,
infrastructure-funding-statement,organisation,,
infrastructure-funding-statement,start-date,,
internal-drainage-board,company,,
internal-drainage-board,end-date,,
internal-drainage-board,entity,,
internal-drainage-board,entry-date,,
internal-drainage-board,internal-drainage-district,,
internal-drainage-board,legislation,,
internal-drainage-board,name,,
internal-drainage-board,prefix,,
internal-drainage-board,reference,,
internal-drainage-board,region,,
internal-drainage-board,start-date,,
internal-drainage-board,twitter,,
internal-drainage-board,website,,
internal-drainage-board,wikidata,,
internal-drainage-board,wikipedia,,
internal-drainage-district,end-date,,
internal-drainage-district,entity,,
internal-drainage-district,entry-date,,
internal-drainage-district,geometry,,
internal-drainage-district,internal-drainage-board,,
internal-drainage-district,name,,
internal-drainage-district,prefix,,
internal-drainage-district,reference,,
internal-drainage-district,region,,
internal-drainage-district,start-date,,
issue-type,description,,
issue-type,end-date,,
issue-type,entry-date,,
issue-type,issue-type,,
issue-type,name,,
issue-type,severity,,
issue-type,start-date,,
issue,end-date,,
issue,entry-date,,
issue,entry-number,,
issue,field,,
issue,issue-type,,
issue,line-number,,
issue,dataset,,
issue,resource,,
issue,start-date,,
issue,value,,
licence,end-date,,
licence,entity,,
licence,entry-date,,
licence,licence,,
licence,start-date,,
licence,text,,
listed-building-grade,end-date,,
listed-building-grade,entity,,
listed-building-grade,entry-date,,
listed-building-grade,listed-building-grade,,
listed-building-grade,name,,
listed-building-grade,start-date,,
listed-building-outline,address,,
listed-building-outline,address-text,,
listed-building-outline,documentation-url,,
listed-building-outline,description,,
listed-building-outline,end-date,,
listed-building-outline,entity,,
listed-building-outline,entry-date,,
listed-building-outline,geometry,,
listed-building-outline,listed-building,,
listed-building-outline,listed-building-grade,,
listed-building-outline,name,,
listed-building-outline,notes,,
listed-building-outline,organisation,,
listed-building-outline,point,,
listed-building-outline,reference,,
listed-building-outline,start-date,,
listed-building-outline,wikidata,,
listed-building-outline,wikipedia,,
listed-building,documentation-url,,
listed-building,end-date,,
listed-building,entity,,
listed-building,entry-date,,
listed-building,geometry,,
listed-building,listed-building,,
listed-building,listed-building-grade,,
listed-building,name,,
listed-building,organisation,,
listed-building,point,,
listed-building,reference,,
listed-building,start-date,,
listed-building,wikidata,,
listed-building,wikipedia,,
local-authority-district,categories,,
local-authority-district,documentation-url,,
local-authority-district,end-date,,
local-authority-district,entity,,
local-authority-district,entry-date,,
local-authority-district,geography,,
local-authority-district,geometry,,
local-authority-district,legislation,,
local-authority-district,name,,
local-authority-district,notes,,
local-authority-district,organisation,,
local-authority-district,point,,
local-authority-district,reference,,
local-authority-district,start-date,,
local-authority-district,local-authority-district,,
local-authority-type,end-date,,
local-authority-type,entity,,
local-authority-type,entry-date,,
local-authority-type,reference,,
local-authority-type,name,,
local-authority-type,parliament-thesaurus,,
local-authority-type,start-date,,
local-authority-type,wikidata,,
local-authority-type,wikipedia,,
local-authority,addressbase-custodian,,
local-authority,billing-authority,,
local-authority,combined-authority,,
local-authority,end-date,,
local-authority,entity,,
local-authority,entry-date,,
local-authority,esd-inventory,,
local-authority,local-authority-type,,
local-authority,local-authority-district,,
local-authority,local-enterprise-partnership,,
local-authority,local-resilience-forum,,
local-authority,name,,
local-authority,opendatacommunities-uri,,
local-authority,organisation,,
local-authority,parliament-thesaurus,,
local-authority,prefix,,
local-authority,region,,
local-authority,reference,,
local-authority,start-date,,
local-authority,statistical-geography,,
local-authority,twitter,,
local-authority,website,,
local-authority,wikidata,,
local-authority,wikipedia,,
local-enterprise-partnership,company,,
local-enterprise-partnership,end-date,,
local-enterprise-partnership,entity,,
local-enterprise-partnership,entry-date,,
local-enterprise-partnership,local-enterprise-partnership-area,,
local-enterprise-partnership,name,,
local-enterprise-partnership,parliament-thesaurus,,
local-enterprise-partnership,prefix,,
local-enterprise-partnership,reference,,
local-enterprise-partnership,start-date,,
local-enterprise-partnership,twitter,,
local-enterprise-partnership,website,,
local-enterprise-partnership,wikidata,,
local-enterprise-partnership,wikipedia,,
local-green-space,categories,,
local-green-space,documentation-url,,
local-green-space,end-date,,
local-green-space,entity,,
local-green-space,entry-date,,
local-green-space,geography,,
local-green-space,geometry,,
local-green-space,legislation,,
local-green-space,name,,
local-green-space,notes,,
local-green-space,organisation,,
local-green-space,point,,
local-green-space,reference,,
local-green-space,start-date,,
local-green-space,local-green-space,,
local-nature-recovery-strategy,categories,,
local-nature-recovery-strategy,documentation-url,,
local-nature-recovery-strategy,end-date,,
local-nature-recovery-strategy,entity,,
local-nature-recovery-strategy,entry-date,,
local-nature-recovery-strategy,geography,,
local-nature-recovery-strategy,geometry,,
local-nature-recovery-strategy,legislation,,
local-nature-recovery-strategy,name,,
local-nature-recovery-strategy,notes,,
local-nature-recovery-strategy,organisation,,
local-nature-recovery-strategy,point,,
local-nature-recovery-strategy,reference,,
local-nature-recovery-strategy,start-date,,
local-nature-recovery-strategy,local-nature-recovery-strategy,,
local-planning-authority,end-date,,
local-planning-authority,entity,,
local-planning-authority,entry-date,,
local-planning-authority,geometry,,
local-planning-authority,name,,
local-planning-authority,organisation,,
local-planning-authority,point,,
local-planning-authority,reference,,
local-planning-authority,start-date,,
local-resilience-forum,end-date,,
local-resilience-forum,entity,,
local-resilience-forum,entry-date,,
local-resilience-forum,name,,
local-resilience-forum,parliament-thesaurus,,
local-resilience-forum,prefix,,
local-resilience-forum,reference,,
local-resilience-forum,start-date,,
local-resilience-forum,statistical-geography,,
local-resilience-forum,twitter,,
local-resilience-forum,website,,
local-resilience-forum,wikidata,,
local-resilience-forum,wikipedia,,
locally-listed-building,documentation-url,,
locally-listed-building,end-date,,
locally-listed-building,entity,,
locally-listed-building,entry-date,,
locally-listed-building,geometry,,
locally-listed-building,listed-building-grade,,
locally-listed-building,locally-listed-building,,
locally-listed-building,name,,
locally-listed-building,point,,
locally-listed-building,reference,,
locally-listed-building,start-date,,
locally-listed-building,wikidata,,
locally-listed-building,wikipedia,,
log,bytes,,
log,content-type,,
log,elapsed,,
log,end-date,,
log,endpoint,,
log,entry-date,,
log,resource,,
log,start-date,,
log,status,,
london-square,categories,,
london-square,documentation-url,,
london-square,end-date,,
london-square,entity,,
london-square,entry-date,,
london-square,geography,,
london-square,geometry,,
london-square,legislation,,
london-square,name,,
london-square,notes,,
london-square,organisation,,
london-square,point,,
london-square,reference,,
london-square,start-date,,
london-square,london-square,,
long-established-woodland,categories,,
long-established-woodland,documentation-url,,
long-established-woodland,end-date,,
long-established-woodland,entity,,
long-established-woodland,entry-date,,
long-established-woodland,geography,,
long-established-woodland,geometry,,
long-established-woodland,legislation,,
long-established-woodland,name,,
long-established-woodland,notes,,
long-established-woodland,organisation,,
long-established-woodland,point,,
long-established-woodland,reference,,
long-established-woodland,start-date,,
long-established-woodland,long-established-woodland,,
long-protected-woodland,categories,,
long-protected-woodland,documentation-url,,
long-protected-woodland,end-date,,
long-protected-woodland,entity,,
long-protected-woodland,entry-date,,
long-protected-woodland,geography,,
long-protected-woodland,geometry,,
long-protected-woodland,legislation,,
long-protected-woodland,name,,
long-protected-woodland,notes,,
long-protected-woodland,organisation,,
long-protected-woodland,point,,
long-protected-woodland,reference,,
long-protected-woodland,start-date,,
long-protected-woodland,long-protected-woodland,,
lookup,end-date,,
lookup,entity,,
lookup,entry-date,,
lookup,entry-number,,
lookup,organisation,,
lookup,prefix,,
lookup,resource,,
lookup,start-date,,
lookup,value,,
lookup,reference,,
main-river,categories,,
main-river,documentation-url,,
main-river,end-date,,
main-river,entity,,
main-river,entry-date,,
main-river,geography,,
main-river,geometry,,
main-river,legislation,,
main-river,name,,
main-river,notes,,
main-river,organisation,,
main-river,point,,
main-river,reference,,
main-river,start-date,,
main-river,main-river,,
metropolitan-open-land,categories,,
metropolitan-open-land,documentation-url,,
metropolitan-open-land,end-date,,
metropolitan-open-land,entity,,
metropolitan-open-land,entry-date,,
metropolitan-open-land,geography,,
metropolitan-open-land,geometry,,
metropolitan-open-land,legislation,,
metropolitan-open-land,name,,
metropolitan-open-land,notes,,
metropolitan-open-land,organisation,,
metropolitan-open-land,point,,
metropolitan-open-land,reference,,
metropolitan-open-land,start-date,,
metropolitan-open-land,metropolitan-open-land,,
mineral-safeguarding-area,categories,,
mineral-safeguarding-area,documentation-url,,
mineral-safeguarding-area,end-date,,
mineral-safeguarding-area,entity,,
mineral-safeguarding-area,entry-date,,
mineral-safeguarding-area,geography,,
mineral-safeguarding-area,geometry,,
mineral-safeguarding-area,legislation,,
mineral-safeguarding-area,name,,
mineral-safeguarding-area,notes,,
mineral-safeguarding-area,organisation,,
mineral-safeguarding-area,point,,
mineral-safeguarding-area,reference,,
mineral-safeguarding-area,start-date,,
mineral-safeguarding-area,mineral-safeguarding-area,,
national-park-authority,billing-authority,,
national-park-authority,end-date,,
national-park-authority,entity,,
national-park-authority,entry-date,,
national-park-authority,government-organisation,,
national-park-authority,local-planning-authority,,
national-park-authority,name,,
national-park-authority,opendatacommunities-uri,,
national-park-authority,parliament-thesaurus,,
national-park-authority,prefix,,
national-park-authority,reference,,
national-park-authority,region,,
national-park-authority,start-date,,
national-park-authority,statistical-geography,,
national-park-authority,twitter,,
national-park-authority,website,,
national-park-authority,wikidata,,
national-park-authority,wikipedia,,
national-park,end-date,,
national-park,entity,,
national-park,entry-date,,
national-park,geometry,,
national-park,name,,
national-park,organisation,,
national-park,reference,,
national-park,start-date,,
nature-improvement-area,categories,,
nature-improvement-area,documentation-url,,
nature-improvement-area,end-date,,
nature-improvement-area,entity,,
nature-improvement-area,entry-date,,
nature-improvement-area,geography,,
nature-improvement-area,geometry,,
nature-improvement-area,legislation,,
nature-improvement-area,name,,
nature-improvement-area,notes,,
nature-improvement-area,organisation,,
nature-improvement-area,point,,
nature-improvement-area,reference,,
nature-improvement-area,start-date,,
nature-improvement-area,nature-improvement-area,,
neighbourhood-forum,company,,
neighbourhood-forum,end-date,,
neighbourhood-forum,entity,,
neighbourhood-forum,entry-date,,
neighbourhood-forum,name,,
neighbourhood-forum,neighbourhood-forum,,
neighbourhood-forum,organisation,,
neighbourhood-forum,start-date,,
neighbourhood-forum,geography,,
neighbourhood-forum,twitter,,
neighbourhood-forum,website,,
neighbourhood-forum,wikidata,,
neighbourhood-forum,wikipedia,,
non-designated-and-locally-listed-historic-asset,categories,,
non-designated-and-locally-listed-historic-asset,documentation-url,,
non-designated-and-locally-listed-historic-asset,end-date,,
non-designated-and-locally-listed-historic-asset,entity,,
non-designated-and-locally-listed-historic-asset,entry-date,,
non-designated-and-locally-listed-historic-asset,geography,,
non-designated-and-locally-listed-historic-asset,geometry,,
non-designated-and-locally-listed-historic-asset,legislation,,
non-designated-and-locally-listed-historic-asset,name,,
non-designated-and-locally-listed-historic-asset,notes,,
non-designated-and-locally-listed-historic-asset,organisation,,
non-designated-and-locally-listed-historic-asset,point,,
non-designated-and-locally-listed-historic-asset,reference,,
non-designated-and-locally-listed-historic-asset,start-date,,
non-designated-and-locally-listed-historic-asset,non-designated-and-locally-listed-historic-asset,,
non-designated-archeology-asset-of-national-importance,categories,,
non-designated-archeology-asset-of-national-importance,documentation-url,,
non-designated-archeology-asset-of-national-importance,end-date,,
non-designated-archeology-asset-of-national-importance,entity,,
non-designated-archeology-asset-of-national-importance,entry-date,,
non-designated-archeology-asset-of-national-importance,geography,,
non-designated-archeology-asset-of-national-importance,geometry,,
non-designated-archeology-asset-of-national-importance,legislation,,
non-designated-archeology-asset-of-national-importance,name,,
non-designated-archeology-asset-of-national-importance,notes,,
non-designated-archeology-asset-of-national-importance,organisation,,
non-designated-archeology-asset-of-national-importance,point,,
non-designated-archeology-asset-of-national-importance,reference,,
non-designated-archeology-asset-of-national-importance,start-date,,
non-designated-archeology-asset-of-national-importance,non-designated-archeology-asset-of-national-importance,,
nonprofit,company,,
nonprofit,end-date,,
nonprofit,entity,,
nonprofit,entry-date,,
nonprofit,name,,
nonprofit,organisation,,
nonprofit,prefix,,
nonprofit,reference,,
nonprofit,start-date,,
nonprofit,twitter,,
nonprofit,website,,
nonprofit,wikidata,,
nonprofit,wikipedia,,
nuclear-safety-zone,categories,,
nuclear-safety-zone,documentation-url,,
nuclear-safety-zone,end-date,,
nuclear-safety-zone,entity,,
nuclear-safety-zone,entry-date,,
nuclear-safety-zone,geography,,
nuclear-safety-zone,geometry,,
nuclear-safety-zone,legislation,,
nuclear-safety-zone,name,,
nuclear-safety-zone,notes,,
nuclear-safety-zone,organisation,,
nuclear-safety-zone,point,,
nuclear-safety-zone,reference,,
nuclear-safety-zone,start-date,,
nuclear-safety-zone,nuclear-safety-zone,,
old-entity,end-date,,
old-entity,entity,,
old-entity,entry-date,,
old-entity,notes,,
old-entity,old-entity,,
old-entity,start-date,,
old-entity,status,,
old-resource,end-date,,
old-resource,resource,,
old-resource,entry-date,,
old-resource,notes,,
old-resource,old-resource,,
old-resource,start-date,,
old-resource,status,,
open-space,documentation-url,,
open-space,end-date,,
open-space,entity,,
open-space,entry-date,,
open-space,geometry,,
open-space,name,,
open-space,notes,,
open-space,open-space,,
open-space,organisation,,
open-space,point,,
open-space,reference,,
open-space,start-date,,
organisation-dataset,dataset,,
organisation-dataset,end-date,,
organisation-dataset,entry-date,,
organisation-dataset,notes,,
organisation-dataset,organisation,,
organisation-dataset,project,,
organisation-dataset,provision-reason,,
organisation-dataset,specification,,
organisation-dataset,start-date,,
organisation,addressbase-custodian,,
organisation,billing-authority,,
organisation,census-area,,
organisation,combined-authority,,
organisation,company,,
organisation,end-date,,
organisation,entity,,
organisation,entry-date,,
organisation,esd-inventory,,
organisation,local-authority-type,,
organisation,local-resilience-forum,,
organisation,name,,
organisation,official-name,,
organisation,opendatacommunities-uri,,
organisation,organisation,,
organisation,parliament-thesaurus,,
organisation,prefix,,
organisation,reference,,
organisation,region,,
organisation,shielding-hub,,
organisation,start-date,,
organisation,statistical-geography,,
organisation,twitter,,
organisation,website,,
organisation,wikidata,,
organisation,wikipedia,,
ownership-status,end-date,,
ownership-status,entity,,
ownership-status,entry-date,,
ownership-status,name,,
ownership-status,ownership-status,,
ownership-status,start-date,,
parish,documentation-url,,
parish,end-date,,
parish,entity,,
parish,entry-date,,
parish,geometry,,
parish,name,,
parish,notes,,
parish,organisation,,
parish,point,,
parish,reference,,
parish,start-date,,
parish,parish,,
park-and-garden-grade,end-date,,
park-and-garden-grade,entity,,
park-and-garden-grade,entry-date,,
park-and-garden-grade,name,,
park-and-garden-grade,park-and-garden-grade,,
park-and-garden-grade,start-date,,
park-and-garden,documentation-url,,
park-and-garden,end-date,,
park-and-garden,entity,,
park-and-garden,entry-date,,
park-and-garden,geometry,,
park-and-garden,name,,
park-and-garden,park-and-garden,,
park-and-garden,park-and-garden-grade,,
park-and-garden,point,,
park-and-garden,reference,,
park-and-garden,start-date,,
passenger-transport-executive,billing-authority,,
passenger-transport-executive,company,,
passenger-transport-executive,end-date,,
passenger-transport-executive,entity,,
passenger-transport-executive,entry-date,,
passenger-transport-executive,name,,
passenger-transport-executive,opendatacommunities-uri,,
passenger-transport-executive,parliament-thesaurus,,
passenger-transport-executive,prefix,,
passenger-transport-executive,region,,
passenger-transport-executive,reference,,
passenger-transport-executive,start-date,,
passenger-transport-executive,statistical-geography,,
passenger-transport-executive,twitter,,
passenger-transport-executive,website,,
passenger-transport-executive,wikidata,,
passenger-transport-executive,wikipedia,,
patch,end-date,,
patch,entry-date,,
patch,entry-number,,
patch,field,,
patch,pattern,,
patch,dataset,,
patch,resource,,
patch,start-date,,
patch,value,,
permitted-development-right-part,end-date,,
permitted-development-right-part,entity,,
permitted-development-right-part,entry-date,,
permitted-development-right-part,name,,
permitted-development-right-part,permitted-development-right-part,,
permitted-development-right-part,start-date,,
permitted-development-right,description,,
permitted-development-right,documentation-url,,
permitted-development-right,end-date,,
permitted-development-right,entity,,
permitted-development-right,entry-date,,
permitted-development-right,name,,
permitted-development-right,permitted-development-right,,
permitted-development-right,permitted-development-right-part,,
permitted-development-right,start-date,,
planning-application-status,end-date,,
planning-application-status,entity,,
planning-application-status,entry-date,,
planning-application-status,name,,
planning-application-status,prefix,,
planning-application-status,reference,,
planning-application-status,start-date,,
planning-application-type,end-date,,
planning-application-type,entity,,
planning-application-type,entry-date,,
planning-application-type,name,,
planning-application-type,prefix,,
planning-application-type,service-type,,
planning-application-type,reference,,
planning-application-type,start-date,,
planning-application,address,,
planning-application,address-text,,
planning-application,description,,
planning-application,development-classification,,
planning-application,documentation-url,,
planning-application,end-date,,
planning-application,entity,,
planning-application,entry-date,,
planning-application,ground-area,,
planning-application,point,,
planning-application,name,,
planning-application,notes,,
planning-application,organisation,,
planning-application,prefix,,
planning-application,planning-application-status,,
planning-application,planning-application-type,,
planning-application,planning-decision,,
planning-application,planning-decision-type,,
planning-application,reference,,
planning-application,start-date,,
planning-development-category,end-date,,
planning-development-category,entity,,
planning-development-category,entry-date,,
planning-development-category,name,,
planning-development-category,prefix,,
planning-development-category,reference,,
planning-development-category,start-date,,
planning-permission-status,end-date,,
planning-permission-status,entity,,
planning-permission-status,entry-date,,
planning-permission-status,name,,
planning-permission-status,planning-permission-status,,
planning-permission-status,start-date,,
planning-permission-type,end-date,,
planning-permission-type,entity,,
planning-permission-type,entry-date,,
planning-permission-type,name,,
planning-permission-type,planning-permission-type,,
planning-permission-type,start-date,,
policy,categories,,
policy,description,,
policy,end-date,,
policy,entity,,
policy,entry-date,,
policy,geographies,,
policy,name,,
policy,notes,,
policy,organisation,,
policy,start-date,,
policy,policy,,
prefix,end-date,,
prefix,entry-date,,
prefix,prefix,,
prefix,prefix-uri,,
prefix,organisation,,
prefix,start-date,,
project-status,description,,
project-status,end-date,,
project-status,entry-date,,
project-status,name,,
project-status,project-status,,
project-status,start-date,,
project,datasets,,
project,description,,
project,end-date,,
project,entry-date,,
project,name,,
project,project,,
project,project-status,,
project,provision-reason,,
project,specifications,,
project,start-date,,
proposed-ramsar-site,categories,,
proposed-ramsar-site,documentation-url,,
proposed-ramsar-site,end-date,,
proposed-ramsar-site,entity,,
proposed-ramsar-site,entry-date,,
proposed-ramsar-site,geography,,
proposed-ramsar-site,geometry,,
proposed-ramsar-site,legislation,,
proposed-ramsar-site,name,,
proposed-ramsar-site,notes,,
proposed-ramsar-site,organisation,,
proposed-ramsar-site,point,,
proposed-ramsar-site,reference,,
proposed-ramsar-site,start-date,,
proposed-ramsar-site,proposed-ramsar-site,,
protected-land,categories,,
protected-land,documentation-url,,
protected-land,end-date,,
protected-land,entity,,
protected-land,entry-date,,
protected-land,geography,,
protected-land,geometry,,
protected-land,legislation,,
protected-land,name,,
protected-land,notes,,
protected-land,organisation,,
protected-land,point,,
protected-land,reference,,
protected-land,start-date,,
protected-land,protected-land,,
protected-site-strategy,description,,
protected-site-strategy,developer-agreement-type,,
protected-site-strategy,development-plan-document,,
protected-site-strategy,development-plan-types,,
protected-site-strategy,development-policies,,
protected-site-strategy,document,,
protected-site-strategy,document-types,,
protected-site-strategy,document-url,,
protected-site-strategy,end-date,,
protected-site-strategy,entity,,
protected-site-strategy,entry-date,,
protected-site-strategy,geographies,,
protected-site-strategy,name,,
protected-site-strategy,notes,,
protected-site-strategy,organisations,,
protected-site-strategy,planning-application,,
protected-site-strategy,start-date,,
protected-site-strategy,protected-site-strategy,,
protected-view,categories,,
protected-view,documentation-url,,
protected-view,end-date,,
protected-view,entity,,
protected-view,entry-date,,
protected-view,geography,,
protected-view,geometry,,
protected-view,legislation,,
protected-view,name,,
protected-view,notes,,
protected-view,organisation,,
protected-view,point,,
protected-view,reference,,
protected-view,start-date,,
protected-view,protected-view,,
protected-wreck-site,documentation-url,,
protected-wreck-site,end-date,,
protected-wreck-site,entity,,
protected-wreck-site,entry-date,,
protected-wreck-site,geometry,,
protected-wreck-site,legislation,,
protected-wreck-site,name,,
protected-wreck-site,protected-wreck-site,,
protected-wreck-site,start-date,,
provenance,end-date,,
provenance,entry-date,,
provenance,field,,
provenance,provenance,,
provenance,resource,,
provenance,start-date,,
provenance,value,,
provision-reason,description,,
provision-reason,end-date,,
provision-reason,entry-date,,
provision-reason,name,,
provision-reason,provision-reason,,
provision-reason,start-date,,
public-authority,company,,
public-authority,end-date,,
public-authority,entity,,
public-authority,entry-date,,
public-authority,name,,
public-authority,parliament-thesaurus,,
public-authority,prefix,,
public-authority,reference,,
public-authority,start-date,,
public-authority,statistical-geography,,
public-authority,twitter,,
public-authority,website,,
public-authority,wikidata,,
public-authority,wikipedia,,
public-safety-zone-around-airport,categories,,
public-safety-zone-around-airport,documentation-url,,
public-safety-zone-around-airport,end-date,,
public-safety-zone-around-airport,entity,,
public-safety-zone-around-airport,entry-date,,
public-safety-zone-around-airport,geography,,
public-safety-zone-around-airport,geometry,,
public-safety-zone-around-airport,legislation,,
public-safety-zone-around-airport,name,,
public-safety-zone-around-airport,notes,,
public-safety-zone-around-airport,organisation,,
public-safety-zone-around-airport,point,,
public-safety-zone-around-airport,reference,,
public-safety-zone-around-airport,start-date,,
public-safety-zone-around-airport,public-safety-zone-around-airport,,
ramsar,documentation-url,,
ramsar,end-date,,
ramsar,entity,,
ramsar,entry-date,,
ramsar,geometry,,
ramsar,name,,
ramsar,organisation,,
ramsar,point,,
ramsar,ramsar,,
ramsar,ramsar-site,,
ramsar,reference,,
ramsar,special-protection-area,,
ramsar,start-date,,
ramsar,wikidata,,
ramsar,wikipedia,,
reference,end-date,,
reference,entity,,
reference,entry-date,,
reference,prefix,,
reference,start-date,,
reference,reference,,
region,documentation-url,,
region,end-date,,
region,entity,,
region,entry-date,,
region,geometry,,
region,name,,
region,organisation,,
region,point,,
region,reference,,
region,start-date,,
region,region,,
regional-park-authority,billing-authority,,
regional-park-authority,end-date,,
regional-park-authority,entity,,
regional-park-authority,entry-date,,
regional-park-authority,name,,
regional-park-authority,opendatacommunities-uri,,
regional-park-authority,parliament-thesaurus,,
regional-park-authority,prefix,,
regional-park-authority,reference,,
regional-park-authority,region,,
regional-park-authority,start-date,,
regional-park-authority,statistical-geography,,
regional-park-authority,twitter,,
regional-park-authority,website,,
regional-park-authority,wikidata,,
regional-park-authority,wikipedia,,
resource,bytes,,
resource,end-date,,
resource,datasets,,
resource,endpoints,,
resource,entry-date,,
resource,mime-type,,
resource,organisations,,
resource,resource,,
resource,start-date,,
safeguarded-aerodrome,categories,,
safeguarded-aerodrome,documentation-url,,
safeguarded-aerodrome,end-date,,
safeguarded-aerodrome,entity,,
safeguarded-aerodrome,entry-date,,
safeguarded-aerodrome,geography,,
safeguarded-aerodrome,geometry,,
safeguarded-aerodrome,legislation,,
safeguarded-aerodrome,name,,
safeguarded-aerodrome,notes,,
safeguarded-aerodrome,organisation,,
safeguarded-aerodrome,point,,
safeguarded-aerodrome,reference,,
safeguarded-aerodrome,start-date,,
safeguarded-aerodrome,safeguarded-aerodrome,,
safeguarded-military-explosives-site,categories,,
safeguarded-military-explosives-site,documentation-url,,
safeguarded-military-explosives-site,end-date,,
safeguarded-military-explosives-site,entity,,
safeguarded-military-explosives-site,entry-date,,
safeguarded-military-explosives-site,geography,,
safeguarded-military-explosives-site,geometry,,
safeguarded-military-explosives-site,legislation,,
safeguarded-military-explosives-site,name,,
safeguarded-military-explosives-site,notes,,
safeguarded-military-explosives-site,organisation,,
safeguarded-military-explosives-site,point,,
safeguarded-military-explosives-site,reference,,
safeguarded-military-explosives-site,start-date,,
safeguarded-military-explosives-site,safeguarded-military-explosives-site,,
safeguarded-wharf,categories,,
safeguarded-wharf,documentation-url,,
safeguarded-wharf,end-date,,
safeguarded-wharf,entity,,
safeguarded-wharf,entry-date,,
safeguarded-wharf,geography,,
safeguarded-wharf,geometry,,
safeguarded-wharf,legislation,,
safeguarded-wharf,name,,
safeguarded-wharf,notes,,
safeguarded-wharf,organisation,,
safeguarded-wharf,point,,
safeguarded-wharf,reference,,
safeguarded-wharf,start-date,,
safeguarded-wharf,safeguarded-wharf,,
safety-hazard-area,categories,,
safety-hazard-area,documentation-url,,
safety-hazard-area,end-date,,
safety-hazard-area,entity,,
safety-hazard-area,entry-date,,
safety-hazard-area,geography,,
safety-hazard-area,geometry,,
safety-hazard-area,legislation,,
safety-hazard-area,name,,
safety-hazard-area,notes,,
safety-hazard-area,organisation,,
safety-hazard-area,point,,
safety-hazard-area,reference,,
safety-hazard-area,start-date,,
safety-hazard-area,safety-hazard-area,,
scheduled-monument,categories,,
scheduled-monument,documentation-url,,
scheduled-monument,end-date,,
scheduled-monument,entity,,
scheduled-monument,entry-date,,
scheduled-monument,geography,,
scheduled-monument,geometry,,
scheduled-monument,legislation,,
scheduled-monument,name,,
scheduled-monument,notes,,
scheduled-monument,organisation,,
scheduled-monument,point,,
scheduled-monument,reference,,
scheduled-monument,start-date,,
scheduled-monument,scheduled-monument,,
schema-field,end-date,,
schema-field,entry-date,,
schema-field,field,,
schema-field,schema,,
schema-field,start-date,,
schema,description,,
schema,end-date,,
schema,entry-date,,
schema,key-field,,
schema,name,,
schema,schema,,
schema,start-date,,
self-and-custom-buildarea,categories,,
self-and-custom-buildarea,documentation-url,,
self-and-custom-buildarea,end-date,,
self-and-custom-buildarea,entity,,
self-and-custom-buildarea,entry-date,,
self-and-custom-buildarea,geography,,
self-and-custom-buildarea,geometry,,
self-and-custom-buildarea,legislation,,
self-and-custom-buildarea,name,,
self-and-custom-buildarea,notes,,
self-and-custom-buildarea,organisation,,
self-and-custom-buildarea,point,,
self-and-custom-buildarea,reference,,
self-and-custom-buildarea,start-date,,
self-and-custom-buildarea,self-and-custom-buildarea,,
severity,description,,
severity,end-date,,
severity,entry-date,,
severity,name,,
severity,severity,,
severity,start-date,,
site-category,end-date,,
site-category,entity,,
site-category,entry-date,,
site-category,name,,
site-category,site-category,,
site-category,start-date,,
site-of-nature-conservation-importance,description,,
site-of-nature-conservation-importance,developer-agreement-type,,
site-of-nature-conservation-importance,development-plan-document,,
site-of-nature-conservation-importance,development-plan-types,,
site-of-nature-conservation-importance,development-policies,,
site-of-nature-conservation-importance,document,,
site-of-nature-conservation-importance,document-types,,
site-of-nature-conservation-importance,document-url,,
site-of-nature-conservation-importance,end-date,,
site-of-nature-conservation-importance,entity,,
site-of-nature-conservation-importance,entry-date,,
site-of-nature-conservation-importance,geographies,,
site-of-nature-conservation-importance,name,,
site-of-nature-conservation-importance,notes,,
site-of-nature-conservation-importance,organisations,,
site-of-nature-conservation-importance,planning-application,,
site-of-nature-conservation-importance,start-date,,
site-of-nature-conservation-importance,site-of-nature-conservation-importance,,
site-of-special-scientific-interest,document-url,,
site-of-special-scientific-interest,documentation-url,,
site-of-special-scientific-interest,end-date,,
site-of-special-scientific-interest,entity,,
site-of-special-scientific-interest,entry-date,,
site-of-special-scientific-interest,geography,,
site-of-special-scientific-interest,geometry,,
site-of-special-scientific-interest,name,,
site-of-special-scientific-interest,notes,,
site-of-special-scientific-interest,organisation,,
site-of-special-scientific-interest,point,,
site-of-special-scientific-interest,reference,,
site-of-special-scientific-interest,start-date,,
site-of-special-scientific-interest,wikipedia,,
site-of-special-scientific-interest,wikidata,,
skip,end-date,,
skip,entry-date,,
skip,pattern,,
skip,dataset,,
skip,resource,,
skip,start-date,,
source,attribution,,
source,collection,,
source,documentation-url,,
source,end-date,,
source,endpoint,,
source,entry-date,,
source,licence,,
source,organisation,,
source,pipelines,,
source,source,,
source,start-date,,
special-area-of-conservation,categories,,
special-area-of-conservation,documentation-url,,
special-area-of-conservation,end-date,,
special-area-of-conservation,entity,,
special-area-of-conservation,entry-date,,
special-area-of-conservation,geography,,
special-area-of-conservation,geometry,,
special-area-of-conservation,legislation,,
special-area-of-conservation,name,,
special-area-of-conservation,notes,,
special-area-of-conservation,organisation,,
special-area-of-conservation,point,,
special-area-of-conservation,reference,,
special-area-of-conservation,start-date,,
special-area-of-conservation,special-area-of-conservation,,
special-protection-area,description,,
special-protection-area,document-url,,
special-protection-area,documentation-url,,
special-protection-area,end-date,,
special-protection-area,entity,,
special-protection-area,entry-date,,
special-protection-area,geometry,,
special-protection-area,name,,
special-protection-area,notes,,
special-protection-area,organisation,,
special-protection-area,point,,
special-protection-area,start-date,,
special-protection-area,wikipedia,,
special-protection-area,wikidata,,
specification-status,description,,
specification-status,end-date,,
specification-status,entry-date,,
specification-status,specification-status,,
specification-status,name,,
specification-status,start-date,,
specification,datasets,,
specification,description,,
specification,end-date,,
specification,entry-date,,
specification,name,,
specification,json,,
specification,prefix,,
specification,specification,,
specification,specification-status,,
specification,start-date,,
street,end-date,,
street,entity,,
street,entry-date,,
street,name,,
street,start-date,,
street,street,,
suitable-alternative-green-space,categories,,
suitable-alternative-green-space,documentation-url,,
suitable-alternative-green-space,end-date,,
suitable-alternative-green-space,entity,,
suitable-alternative-green-space,entry-date,,
suitable-alternative-green-space,geography,,
suitable-alternative-green-space,geometry,,
suitable-alternative-green-space,legislation,,
suitable-alternative-green-space,name,,
suitable-alternative-green-space,notes,,
suitable-alternative-green-space,organisation,,
suitable-alternative-green-space,point,,
suitable-alternative-green-space,reference,,
suitable-alternative-green-space,start-date,,
suitable-alternative-green-space,suitable-alternative-green-space,,
theme,end-date,,
theme,entry-date,,
theme,name,,
theme,start-date,,
theme,theme,,
transform,end-date,,
transform,entry-date,,
transform,field,,
transform,dataset,,
transform,replacement-field,,
transform,start-date,,
transport-under-tcpa-route,categories,,
transport-under-tcpa-route,documentation-url,,
transport-under-tcpa-route,end-date,,
transport-under-tcpa-route,entity,,
transport-under-tcpa-route,entry-date,,
transport-under-tcpa-route,geography,,
transport-under-tcpa-route,geometry,,
transport-under-tcpa-route,legislation,,
transport-under-tcpa-route,name,,
transport-under-tcpa-route,notes,,
transport-under-tcpa-route,organisation,,
transport-under-tcpa-route,point,,
transport-under-tcpa-route,reference,,
transport-under-tcpa-route,start-date,,
transport-under-tcpa-route,transport-under-tcpa-route,,
tree-preservation-order,description,,
tree-preservation-order,documentation-url,,
tree-preservation-order,document-url,,
tree-preservation-order,end-date,,
tree-preservation-order,entity,,
tree-preservation-order,entry-date,,
tree-preservation-order,legislation,,
tree-preservation-order,name,,
tree-preservation-order,notes,,
tree-preservation-order,organisation,,
tree-preservation-order,prefix,,
tree-preservation-order,reference,,
tree-preservation-order,start-date,,
tree-preservation-type,end-date,,
tree-preservation-type,entity,,
tree-preservation-type,entry-date,,
tree-preservation-type,name,,
tree-preservation-type,notes,,
tree-preservation-type,reference,,
tree-preservation-type,start-date,,
tree-preservation-type,tree-preservation-type,,
tree-preservation-zone,address-text,,
tree-preservation-zone,description,,
tree-preservation-zone,end-date,,
tree-preservation-zone,entity,,
tree-preservation-zone,entry-date,,
tree-preservation-zone,geometry,,
tree-preservation-zone,name,,
tree-preservation-zone,notes,,
tree-preservation-zone,organisation,,
tree-preservation-zone,prefix,,
tree-preservation-zone,point,,
tree-preservation-zone,reference,,
tree-preservation-zone,start-date,,
tree-preservation-zone,tree-species-list,,
tree-preservation-zone,tree-preservation-type,,
tree-preservation-zone,tree-preservation-order,,
tree-preservation-zone,uprn,,
tree,address,,
tree,address-text,,
tree,description,,
tree,end-date,,
tree,entity,,
tree,entry-date,,
tree,geometry,,
tree,name,,
tree,notes,,
tree,organisation,,
tree,point,,
tree,prefix,,
tree,reference,,
tree,start-date,,
tree,tree,,
tree,tree-species,,
tree,tree-preservation-order,,
tree,tree-preservation-order-tree,,
typology,description,,
typology,end-date,,
typology,entry-date,,
typology,name,,
typology,plural,,
typology,start-date,,
typology,text,,
typology,typology,,
typology,wikidata,,
typology,wikipedia,,
waste-authority,billing-authority,,
waste-authority,company,,
waste-authority,end-date,,
waste-authority,entity,,
waste-authority,entry-date,,
waste-authority,name,,
waste-authority,opendatacommunities-uri,,
waste-authority,parliament-thesaurus,,
waste-authority,prefix,,
waste-authority,reference,,
waste-authority,region,,
waste-authority,start-date,,
waste-authority,statistical-geography,,
waste-authority,twitter,,
waste-authority,website,,
waste-authority,wikidata,,
waste-authority,wikipedia,,
wildbelt,categories,,
wildbelt,documentation-url,,
wildbelt,end-date,,
wildbelt,entity,,
wildbelt,entry-date,,
wildbelt,geography,,
wildbelt,geometry,,
wildbelt,legislation,,
wildbelt,name,,
wildbelt,notes,,
wildbelt,organisation,,
wildbelt,point,,
wildbelt,reference,,
wildbelt,start-date,,
wildbelt,wildbelt,,
wildlife,categories,,
wildlife,documentation-url,,
wildlife,end-date,,
wildlife,entity,,
wildlife,entry-date,,
wildlife,geography,,
wildlife,geometry,,
wildlife,legislation,,
wildlife,name,,
wildlife,notes,,
wildlife,organisation,,
wildlife,point,,
wildlife,reference,,
wildlife,start-date,,
wildlife,wildlife,,
world-heritage-site-buffer-zone,documentation-url,,
world-heritage-site-buffer-zone,end-date,,
world-heritage-site-buffer-zone,entity,,
world-heritage-site-buffer-zone,entry-date,,
world-heritage-site-buffer-zone,geography,,
world-heritage-site-buffer-zone,geometry,,
world-heritage-site-buffer-zone,name,,
world-heritage-site-buffer-zone,notes,,
world-heritage-site-buffer-zone,organisation,,
world-heritage-site-buffer-zone,point,,
world-heritage-site-buffer-zone,reference,,
world-heritage-site-buffer-zone,start-date,,
world-heritage-site-buffer-zone,world-heritage-site,,
world-heritage-site,documentation-url,,
world-heritage-site,end-date,,
world-heritage-site,entity,,
world-heritage-site,entry-date,,
world-heritage-site,geometry,,
world-heritage-site,name,,
world-heritage-site,notes,,
world-heritage-site,organisation,,
world-heritage-site,point,,
world-heritage-site,reference,,
world-heritage-site,start-date,,
world-heritage-site,wikipedia,,
world-heritage-site,wikidata,,
world-heritage-site,world-heritage-convention-site,,
