audience,datasets,consideration,description,documentation-url,end-date,entry-date,github-discussion,name,json,prefix,specification,specification-reason,specification-status,start-date
,article-4-direction;article-4-direction-area,article-4-directions,,,,2025-11-08,30,Article 4 direction,"[{""dataset"": ""article-4-direction"", ""name"": ""article 4 direction"", ""fields"": [{""field"": ""reference"", ""description"": ""the <a href=\""#reference\"">reference</a> for the article 4 direction"", ""guidance"": ""A reference or ID for each article 4 direction that is:\n\n- unique within your dataset\n- permanent - it doesn\u2019t change when the dataset is updated\nIf you don\u2019t use a reference already, you will need to create one. This can be a short set of letters or numbers.\n\nExample: `A4D1`\n""}, {""field"": ""name"", ""description"": ""the name of the article 4 direction"", ""guidance"": ""The official name of the article 4 direction.\n\nExample: `Old Market`\""\n""}, {""field"": ""description"", ""description"": ""a brief description of the article 4 direction"", ""guidance"": ""Optional short description of the article 4 direction\u2019s purpose.\n\nExample: The railways arches should not be demolished or have their use changed from commercial to residential.\n""}, {""field"": ""documentation-url"", ""description"": ""the URL of the web page where you can find information about the article 4 direction"", ""guidance"": ""The URL of the webpage on your website that introduces the document.\n\nEach document should be linked to from a documentation webpage that includes a short description of the data and the document you\u2019re linking to. Each article 4 direction should have a unique URL. This means you can create a separate page for each one, or you could list several on one page. If you do that, there must be a separate anchor link (fragment identifier) for each one.\n\nThis means each section of your page should have its own URL. Most publishing systems will allow you to use a hashtag to create the identifiers for each article 4 direction you list - as in the examples shown.\n\nExample:\n\nOne article 4 direction per page:\n\n`http://www.LPAwebsite.org.uk/data/article4directions/smithroad`\n\nMore than one article 4 direction per page with an anchor link for each one:\n\n`http://www.LPAwebsite.org.uk/data/article4directions#smithroad`\n\n`http://www.LPAwebsite.org.uk/data/article4directions#broadhousepark`\n""}, {""field"": ""document-url"", ""description"": ""the URL of the web page where you can find the document for the article 4 direction"", ""guidance"": ""The URL of an authoritative order or notice designating the article 4 direction.\n\nExample: `http://www.LPAwebsite.org.uk/article4direction1.pdf`\n""}, {""field"": ""notes"", ""description"": ""optional notes"", ""guidance"": ""Optional text on how this data was made or produced, or how it can be interpreted.\n""}, {""field"": ""organisation"", ""description"": ""the organisation responsible for this article 4 direction""}, {""field"": ""entry-date"", ""description"": ""the date this information has been entered as a record"", ""guidance"": ""The date the entity was last updated.\n\nIf the entity has never been updated, enter the same date as start-date.\n\nWrite in `YYYY-MM-DD` format.\n\nExample: `2022-12-20`\n""}, {""field"": ""start-date"", ""description"": ""the date the validity of the record starts"", ""guidance"": ""The date that the article 4 direction came into force, written in `YYYY-MM-DD` format.\n\nExample: `1984-03-28`\n""}, {""field"": ""end-date"", ""description"": ""the date the validity of the record ends"", ""guidance"": ""Where the article 4 direction is [no longer valid](https://standards.planning-data.dev/principles/#we-shouldn%E2%80%99t-delete-entries-in-a-register), this should be the date that it was no longer in effect, written in `YYYY-MM-DD` format. If this does not apply, leave the cell blank.\n\nExample: `1999-01-20`\n""}]}, {""dataset"": ""article-4-direction-area"", ""name"": ""article 4 direction area"", ""fields"": [{""field"": ""reference"", ""description"": ""the <a href=\""#reference\"">reference</a> for the article 4 direction area"", ""guidance"": ""A reference or ID for each article 4 direction area that is:\n\n- unique within your dataset\n- permanent - it doesn\u2019t change when the dataset is updated\nIf you don\u2019t use a reference already, you will need to create one. This can be a short set of letters or numbers.\n\nExample: `A4Da1`\n""}, {""field"": ""name"", ""description"": ""the name of the article 4 direction area"", ""guidance"": ""The official name of the article 4 direction. Example: `Old Market`\n""}, {""field"": ""article-4-direction"", ""description"": ""the <a href=\""#reference\"">reference</a> for the <a href=\""article-4-direction-dataset\"">article 4 direction</a> entry"", ""guidance"": ""The reference for the article 4 direction used in the article 4 direction dataset.\n\nExample: `A4D1`\n""}, {""field"": ""permitted-development-rights"", ""description"": ""a list of one or more <a href=\""#reference\"">reference</a> values for <a href=\""article-4-direction-rule-dataset\"">permitted development right</a> entries, separated by a semi-colon ';'."", ""dataset"": ""permitted-development-right"", ""guidance"": ""A list of the permitted development rights withdrawn by the article 4 direction.\n\nSeparate the rights in the list using semicolons.\n\nOnly use rights from our [permitted development right dataset](https://www.planning.data.gov.uk/dataset/permitted-development-right). If the area withdraws a permitted development right that is not in our dataset, email digitalland@communities.gov.uk.\n\nExample: `3D;3M;11B`\n""}, {""field"": ""uprns"", ""description"": ""unique property reference numbers for any addressable properties, separated by `;`"", ""guidance"": ""If the geometry is the boundary of a building, you can provide the Unique Property Reference Number (UPRN). Find the UPRN on GeoPlace.\n\nIf you provide the UPRN, you must also provide the address text.\n""}, {""field"": ""address-texts"", ""description"": ""the addresses of any properties reference. The addresses should be written as address-text (a single line separated by commas). To write multiple addresses end each address with `;`"", ""guidance"": ""If the geometry is the boundary of a building, you can provide the address of the article 4 direction, written as text.\n\nIf you provide the address text, you must also provide the UPRN.\n\nExample: `100 High Street, Bath`\n""}, {""field"": ""geometry"", ""description"": ""the boundary of the area covered by the article 4 direction in WKT format"", ""guidance"": ""The boundary for the article 4 direction area as a single polygon or multipolygon value. All points in the polygon must be in the WGS84 coordinate reference system.\n\nIf you\u2019re providing geometry in a CSV, geometry should be in well-known text (WKT).\n\nExample: `MULTIPOLYGON (((1.188829 51.23478,1.188376 51.234909,1.188381 51.234917,1.187912 51.235022...`\n\nIf you\u2019re providing geometry in a GeoJSON, GML or Geopackage, use the associated geometry format.\n""}, {""field"": ""point"", ""description"": ""centre point of the area""}, {""field"": ""notes"", ""description"": ""optional notes"", ""guidance"": ""Optional text on how this data was made or produced, or how it can be interpreted.\n""}, {""field"": ""organisation"", ""description"": ""the organisation responsible for article 4 direction area""}, {""field"": ""entry-date"", ""description"": ""the date this information has been entered as a record"", ""guidance"": ""The date the entity was last updated.\n\nIf the entity has never been updated, enter the same date as start-date.\n\nWrite in `YYYY-MM-DD` format.\n\nExample: `2022-12-20`\n""}, {""field"": ""start-date"", ""description"": ""the date the validity of the record starts"", ""guidance"": ""The date that the article 4 direction came into force, written in YYYY-MM-DD format.\n\nExample: `1984-03-28`\n""}, {""field"": ""end-date"", ""description"": ""the date the validity of the record ends"", ""guidance"": ""If applicable, the date that the article 4 direction was no longer in effect, written in `YYYY-MM-DD` format. If this does not apply, leave the cell blank.\n\nExample: `1999-01-20`\n""}]}]",,article-4-direction,digital-planning-funding,candidate-standard,
,asset-of-community-value,assets-of-community-value,,,,2025-03-04,100,Asset of community value,"[{""dataset"": ""asset-of-community-value"", ""description"": ""Buildings or pieces of land that are used for the social wellbeing and interests of the local community"", ""fields"": [{""field"": ""reference"", ""description"": ""a unique code for this asset of community value, for example `A-CV-1`""}, {""field"": ""name"", ""description"": ""a name for the asset of community value, for example, Magdala Public House""}, {""field"": ""address-text"", ""description"": ""an address for the asset""}, {""field"": ""description"", ""description"": ""a description of the asset of community value""}, {""field"": ""point"", ""description"": ""coordinates, in WGS84, of the asset""}, {""field"": ""geometry"", ""description"": ""if available, a boundary for the asset in WKT format""}, {""field"": ""organisation"", ""description"": ""a code for the authority whose register it is on, e.g. local-authority:CMD""}, {""field"": ""nomination-date"", ""description"": ""the date the asset was nominated to go on the register""}, {""field"": ""nominating-group"", ""description"": ""the group who nominated the asset, for example, Friends of the Magdala""}, {""field"": ""decision"", ""description"": ""the decision whether successful or unsuccessful""}, {""field"": ""decision-date"", ""description"": ""the date the decision was published, in `YYYY-MM-DD` format""}, {""field"": ""expiry-date"", ""description"": ""the date the listing on the register expires, usually 5 years after the decision date, for example 2029-12-01""}, {""field"": ""notification-to-sell-date"", ""description"": ""the date the owner informs the authority of their wish to sell the asset""}, {""field"": ""interested-group"", ""description"": ""the group that has registered an interest, triggering the moratorim period""}, {""field"": ""protected-period-start-date"", ""description"": ""the date the protection period starts. It will last 18 months from this date.""}, {""field"": ""notes"", ""description"": ""optional notes""}, {""field"": ""entry-date"", ""description"": ""the date this record was created""}, {""field"": ""start-date"", ""description"": ""the date the asset was nominated""}, {""field"": ""end-date"", ""description"": ""the date this assets was removed from the asset register""}]}]",,asset-of-community-value,prospective,working-draft,
,brownfield-land,brownfield-land,,https://www.gov.uk/government/publications/brownfield-land-registers-data-standard/publish-your-brownfield-land-data,,2022-06-09,28,Brownfield land,"[{""dataset"": ""brownfield-land"", ""name"": ""brownfield land"", ""priority"": 1, ""requirement-level"": ""MUST"", ""fields"": [{""field"": ""OrganisationURI"", ""requirement-level"": ""SHOULD""}, {""field"": ""SiteReference"", ""requirement-level"": ""MUST"", ""dataset-field"": ""reference""}, {""field"": ""SiteNameAddress"", ""requirement-level"": ""MUST"", ""dataset-field"": ""name""}, {""field"": ""GeoX"", ""requirement-level"": ""MUST""}, {""field"": ""GeoY"", ""requirement-level"": ""MUST""}, {""field"": ""SiteplanURL"", ""requirement-level"": ""MUST""}, {""field"": ""Hectares"", ""requirement-level"": ""MUST""}, {""field"": ""OwnershipStatus"", ""requirement-level"": ""MUST""}, {""field"": ""PlanningStatus"", ""requirement-level"": ""MUST""}, {""field"": ""PermissionType"", ""requirement-level"": ""SHOULD""}, {""field"": ""PermissionDate"", ""requirement-level"": ""SHOULD""}, {""field"": ""PlanningHistory"", ""requirement-level"": ""SHOULD""}, {""field"": ""Deliverable"", ""requirement-level"": ""MUST""}, {""field"": ""NetDwellingsRangeFrom"", ""requirement-level"": ""MUST""}, {""field"": ""NetDwellingsRangeTo"", ""requirement-level"": ""MUST""}, {""field"": ""HazardousSubstances"", ""requirement-level"": ""SHOULD""}, {""field"": ""Notes"", ""requirement-level"": ""MAY""}, {""field"": ""FirstAddedDate"", ""requirement-level"": ""MUST"", ""dataset-field"": ""start-date""}, {""field"": ""LastUpdatedDate"", ""requirement-level"": ""MUST"", ""dataset-field"": ""entry-date""}, {""field"": ""EndDate"", ""dataset-field"": ""end-date"", ""requirement-level"": ""MAY""}]}]",,brownfield-land,brownfield-land-2017,open-standard,
,community-infrastructure-levy-schedule,community-infrastructure-levy,,,,2024-12-12,99,Community infrastructure levy,"[{""dataset"": ""community-infrastructure-levy-schedule"", ""description"": ""A document that sets out the CIL charge rates for an area"", ""fields"": [{""field"": ""reference"", ""description"": ""a unique code for this document record, for example `ADU/1`""}, {""field"": ""name"", ""description"": ""a name for the document, for example, CIL Schedule 2023""}, {""field"": ""description"", ""description"": ""a field to provide details about the document""}, {""field"": ""document-url"", ""description"": ""a URL to the publication whether it is document, such as a pdf, or a webpage""}, {""field"": ""documentation-url"", ""description"": ""a URL to the page on a planning authority site where this document is published""}, {""field"": ""organisation"", ""description"": ""a code for the organisation that published the schedule""}, {""field"": ""adopted-date"", ""description"": ""the date the schedule was adopted, for example 2024-12-01""}, {""field"": ""notes"", ""description"": ""optional notes""}, {""field"": ""entry-date"", ""description"": ""the date this record was created""}, {""field"": ""start-date"", ""description"": ""the date the document was published""}, {""field"": ""end-date"", ""description"": ""the date this document was superseded""}]}]",,community-infrastructure-levy,prospective,working-draft,
,conservation-area;conservation-area-document,conservation-areas,,,,2023-09-08,33,Conservation area,"[{""dataset"": ""conservation-area"", ""fields"": [{""field"": ""reference"", ""description"": ""provide a reference such as CA01"", ""guidance"": ""A reference or ID for each conservation area that is:\n\n- unique within your dataset\n- permanent - it doesn't change when the dataset is updated\nIf you don't use a reference already, you will need to create one. This can be a short set of letters or numbers.\n\nExample: `CA01`\n""}, {""field"": ""name"", ""description"": ""the official name for the conservation area"", ""guidance"": ""The official name of the conservation area.\n\nExample: `Old Market`\n""}, {""field"": ""designation-date"", ""description"": ""the date that the conservation area was officially designated"", ""guidance"": ""The date that the conservation area was officially designated, written in YYYY-MM-DD format.\n\nExample:\n\n`1984-03-28`\n\nWith dates, some data is better than no data, so:\n\n- `1984` is fine\n- `1984-03` is better\n- `1984-04-28` is brilliant\n""}, {""field"": ""document-url"", ""description"": ""a URL to the authoritative source for the area, this is often a PDF containing a map with the area drawn on it"", ""guidance"": ""A URL to the document containing the authoritative source for the area. This is usually a PDF containing the area drawn on a map.\n\nExample: `http://www.LPAwebsite.org.uk/data/conservationareas/smithroad-area.pdf`\n""}, {""field"": ""documentation-url"", ""description"": ""a URL to a page on the local planning authority website that provides information about the conservation area"", ""guidance"": ""The URL of the webpage on your website that introduces the document.\n\nEach document should be linked to from a documentation webpage that includes a short description of the data and the document you\u2019re linking to. Each conservation area should have a unique URL. This means you can create a separate page for each one, or you could list several on one page. If you do that, there must be a separate anchor (fragment identifier) for each one. This means each section of your page should have its own URL. Most publishing systems will allow you to use a hashtag to create the identifiers for each conservation area you list - as in the examples shown.\n\nExamples:\n\nOne conservation area per page: `http://www.LPAwebsite.org.uk/conservationareas/smithroad`\n\nMore than one conservation area per page with an anchor link for each one:\n\n`http://www.LPAwebsite.org.uk/conservationareas#smithroad`\n\n`http://www.LPAwebsite.org.uk/conservationareas#broadhousepark`\n\n![](https://digital-land.github.io/images/diagrams/document-documentation-url.png)\n""}, {""field"": ""geometry"", ""description"": ""the boundary of a designated conservation area"", ""guidance"": ""The boundary for the designated conservation area. The boundary may be a single polygon or a multipolygon value. All points should be in the WGS84 coordinate reference system if possible. If you can\u2019t do this, give us what you have and then we can transform it into WGS84. However, this could mean there\u2019s a small loss of precision when we do the transformation. If you\u2019re providing geometry in a CSV, geometry should be in well-known text (WKT).\n\nExample: `MULTIPOLYGON (((1.188829 51.23478,1.188376 51.234909,1.188381 51.234917,1.187912 51.235022...`\n\nIf you\u2019re providing geometry in a GeoJSON, GML or Geopackage, use the associated geometry format.\n""}, {""field"": ""point"", ""description"": ""provide the centre point of the conservation area if you do not have a full geometry available""}, {""field"": ""notes"", ""description"": ""provide any extra information if needed"", ""guidance"": ""Optional text on how this data was made or produced, or how it can be interpreted.\n""}, {""field"": ""organisation"", ""description"": ""the organisation responsible for conservation areas"", ""guidance"": ""The code for the organisation responsible for the conservation area. If the responsible organisation is your local authority, leave this field blank and we will default to that. If another organisation is responsible, for example Historic England, then enter the code for that organisation.\n\nExample: `local-authority:BUC`\n\nCreate this code by using the relevant prefix, a colon (:), and the reference for your organisation from this [list of organisations](https://www.planning.data.gov.uk/organisation/).\n""}, {""field"": ""entry-date"", ""description"": ""the date the information has been entered as a record"", ""guidance"": ""The date the record was last updated.\n\nIf the entity has never been updated, enter the same date as start-date.\n\nWrite in `YYYY-MM-DD` format.\n\nExample:\n\n`2022-12-20`\n\nWith dates, some data is better than no data, so:\n\n- `2022` is fine\n- `2022-12` is better\n- `2022-12-20` is brilliant\n""}, {""field"": ""start-date"", ""description"": ""the date the validity of the record starts"", ""guidance"": ""The date the validity of the record starts, written in YYYY-MM-DD format. Usually, this will be the same as the designation date. If anything about the conservation area has changed, for example, the boundary, it should be the date of that change.\n\nExample:\n\n`1984-04-25`\n\nWith dates, some data is better than no data, so:\n\n- `1984` is fine\n- `1984-04` is better\n- `1984-04-25` is brilliant\n""}, {""field"": ""end-date"", ""description"": ""the date the validity of the record ends"", ""guidance"": ""Where the conservation area is no longer valid, this should be the date that it was no longer in effect, written in YYYY-MM-DD format. If this does not apply, leave the cell blank.\n\nExample:\n\n`1999-01-20`\n\nWith dates, some data is better than no data, so:\n\n- `1999` is fine\n- `1999-01` is better\n- `1984-01-20` is brilliant\n""}]}, {""dataset"": ""conservation-area-document"", ""fields"": [{""field"": ""reference"", ""description"": ""provide a reference such as CA01-decision-notice"", ""guidance"": ""A reference or ID for each document that is:\n\n- unique within your dataset\n- permanent - it doesn\u2019t change when the dataset is updated\nIf you don\u2019t use a reference already, you will need to create one. This can be a short set of letters or numbers.\n\nExample: `CADOC01`\n""}, {""field"": ""conservation-area"", ""description"": ""the reference for the conservation area this document is about"", ""guidance"": ""The reference for the conservation area this document refers to, as used in the conservation area dataset.\n\nExample: `CA1`\n""}, {""field"": ""name"", ""description"": ""the title of the conservation area document"", ""guidance"": ""The title of the document.\n\nExample: `Notice of Old Market conservation area designation`\n""}, {""field"": ""documentation-url"", ""description"": ""the URL of the webpage citing the document"", ""guidance"": ""The URL of the webpage introducing the document.\n\nEach document should be linked to on a documentation webpage that includes a short description of the data. The website URL should be unique for each conservation area, either by creating a separate page or a separate anchor (fragment identifier) for each one.\n\nExample: `http://www.LPAwebsite.org.uk/data#conservationarea1`\n""}, {""field"": ""document-url"", ""description"": ""the URL of the document"", ""guidance"": ""The URL of the document.\n\nExample: `http://www.LPAwebsite.org.uk/conservationarea1.pdf`\n""}, {""field"": ""document-type"", ""dataset"": ""conservation-area-document-type"", ""description"": ""the type of the conservation area document which must be one of the following values: 'area-appraisal', 'notice', or leave blank"", ""guidance"": ""The code for the type of document this record refers to. Find the code you need using this [finder tool](https://dluhc-datasets.planning-data.dev/dataset/conservation-area-document-type/finder).\n""}, {""field"": ""notes"", ""description"": ""provide any extra information if needed"", ""guidance"": ""Optional text on how this data was made or produced, or how it can be interpreted.\n""}, {""field"": ""organisation"", ""description"": ""the organisation that published the document""}, {""field"": ""entry-date"", ""description"": ""the date this information has been entered as a record"", ""guidance"": ""The date the entity was last updated.\n\nIf the entity has never been updated, enter the same date as start-date.\n\nWrite in YYYY-MM-DD format.\n\nExample:\n\n`1984-03-28`\n\nWith dates, some data is better than no data, so:\n\n- `1984` is fine\n- `1984-03` is better\n- `1984-03-28` is brilliant\n""}, {""field"": ""start-date"", ""description"": ""the date the validity of the record starts"", ""guidance"": ""The date the document was published, written in YYYY-MM-DD format.\n\nExample:\n\n`1984-03-28`\n\nWith dates, some data is better than no data, so:\n\n- `1984` is fine\n- `1984-03` is better\n- `1984-03-28` is brilliant\n""}, {""field"": ""end-date"", ""description"": ""the date the validity of the record ends"", ""guidance"": ""The date the document was withdrawn or superseded by another document, written in YYYY-MM-DD format. Leave this blank if the document is still relevant to planning.\n\nExample:\n\n`1984-03-28`\n\nWith dates, some data is better than no data, so:\n\n- `1984` is fine\n- `1984-03` is better\n- `1984-03-28` is brilliant\n""}]}]",,conservation-area,digital-planning-funding,candidate-standard,
,design-code;design-code-rule;design-code-area,,,,,2022-06-09,27,Design code,"[{""dataset"": ""design-code"", ""name"": ""design code"", ""fields"": [{""field"": ""reference"", ""description"": ""the <a href=\""#reference\"">reference</a> for the design code""}, {""field"": ""name"", ""description"": ""the name, or title of the design code""}, {""field"": ""description"", ""description"": ""a short, single-line description of the design code""}, {""field"": ""design-code-status"", ""description"": ""a <a href=\""#design-code-status\"">design-code-status</a> reference"", ""dataset"": ""design-code-status""}, {""field"": ""documentation-url"", ""description"": ""the URL for the Web page with guidance on the design code policy document""}, {""field"": ""document-url"", ""description"": ""the URL for the Design Code. This should be a URL to a website or document""}, {""field"": ""notes"", ""description"": ""optional notes on the status of the design code""}, {""field"": ""start-date"", ""description"": ""the <a href=\""#date\"">date</a> the design code comes, or came into force""}, {""field"": ""end-date"", ""description"": ""the <a href=\""#date\"">date</a> this date the design code no longer applies""}, {""field"": ""entry-date"", ""description"": ""the <a href=\""#date\"">date</a> this entry was created or last amended""}]}, {""dataset"": ""design-code-rule"", ""name"": ""design code rule"", ""fields"": [{""field"": ""reference"", ""description"": ""the <a href=\""#reference\"">reference</a> for the design code rule""}, {""field"": ""name"", ""description"": ""the name, or title of the design code rule""}, {""field"": ""design-code"", ""description"": ""the <a href=\""#reference\"">reference</a> for the design code where this rule is defined.""}, {""field"": ""description"", ""description"": ""a short, single-line description of the design code rule""}, {""field"": ""document-url"", ""description"": ""the URL for the design code rule. This should be a URL to a website or document""}, {""field"": ""documentation-url"", ""description"": ""the URL for a page where we can find a link to the design code rule, this is usually a contents or summary page""}, {""field"": ""design-code-rule-categories"", ""description"": ""a list of one or more <a href=\""#design-code-category\"">design-code-rule-categories</a> references, separated by a semi-colon ';' character"", ""example"": ""public-art;building-height"", ""dataset"": ""design-code-rule-category""}, {""field"": ""notes"", ""description"": ""a field to capture notes about the design code rule""}, {""field"": ""entry-date"", ""description"": ""the date this information has been entered as a record""}, {""field"": ""start-date"", ""description"": ""the date the validity of the record starts""}, {""field"": ""end-date"", ""description"": ""the date the validity of the record ends""}]}, {""dataset"": ""design-code-area"", ""name"": ""design code area"", ""fields"": [{""field"": ""reference"", ""description"": ""the <a href=\""#reference\"">reference</a> for the design code area""}, {""field"": ""name"", ""description"": ""the name, or title of the design code area""}, {""field"": ""geometry"", ""description"": ""the boundaries of the design code area as a POLYGON or MULTIPOLYGON, with points in the EPSG 4326 coordinate reference system, and WGS85 datum, encoded in Well-Known Text (WKT) representation of geometry.""}, {""field"": ""design-code"", ""description"": ""the <a href=\""#reference\"">reference</a> for the design code which applies to this area""}, {""field"": ""design-code-rules"", ""description"": ""a list of one or more <a href=\""#reference\"">reference</a> values for <a href=\""design-code-rule-dataset\"">design code rule</a> entries, separated by a semi-colon ';' character.""}, {""field"": ""design-code-area-type"", ""dataset"": ""design-code-area-type"", ""description"": ""the classification of the area, for example Rural Settlements or Urban Neighbourhood""}, {""field"": ""documentation-url"", ""description"": ""the URL for guidance or information defining the design code area""}, {""field"": ""notes"", ""description"": ""a field to capture notes about the design code area""}, {""field"": ""entry-date"", ""description"": ""the date this information has been entered as a record""}, {""field"": ""start-date"", ""description"": ""the date the validity of the record starts""}, {""field"": ""end-date"", ""description"": ""the date the validity of the record ends""}]}]",,design-code,prospective,working-draft,
,developer-agreement;developer-agreement-contribution;developer-agreement-transaction,,,,,2022-06-09,34,Developer contributions,"[{""dataset"": ""developer-agreement"", ""description"": ""A developer agreement is any legal document that secures contributions from a development for infrastructure or affordable housing (including section 106 planning obligations and section 278 agreements), or any demand notice for CIL."", ""fields"": [{""field"": ""reference""}, {""field"": ""name""}, {""field"": ""developer-agreement-type""}, {""field"": ""planning-application""}, {""field"": ""document-url""}, {""field"": ""notes""}, {""field"": ""organisation""}, {""field"": ""entry-date""}, {""field"": ""start-date""}, {""field"": ""end-date""}]}, {""dataset"": ""developer-agreement-contribution"", ""description"": ""Developer agreement contributions are the individual obligations or sums within an agreement, assigned to particular purposes such as affordable housing."", ""fields"": [{""field"": ""reference""}, {""field"": ""developer-agreement""}, {""field"": ""contribution-purpose""}, {""field"": ""amount""}, {""field"": ""units""}, {""field"": ""notes""}, {""field"": ""organisation""}, {""field"": ""entry-date""}, {""field"": ""start-date""}, {""field"": ""end-date""}]}, {""dataset"": ""developer-agreement-transaction"", ""fields"": [{""field"": ""reference""}, {""field"": ""developer-agreement-contribution""}, {""field"": ""contribution-funding-status""}, {""field"": ""amount""}, {""field"": ""units""}, {""field"": ""notes""}, {""field"": ""organisation""}, {""field"": ""entry-date""}, {""field"": ""start-date""}, {""field"": ""end-date""}]}]",,developer-contributions,cil-2019,open-standard,
,development-corporation-boundary,development-corporation,,,,2025-11-25,,development corporation boundary,"[{""dataset"": ""development-corporation-boundary"", ""priority"": 1, ""requirement-level"": ""SHOULD"", ""fields"": [{""field"": ""reference"", ""requirement-level"": ""MUST""}, {""field"": ""name"", ""requirement-level"": ""SHOULD""}, {""field"": ""documentation-url"", ""requirement-level"": ""SHOULD""}, {""field"": ""document-url"", ""requirement-level"": ""SHOULD""}, {""field"": ""geometry"", ""requirement-level"": ""SHOULD""}, {""field"": ""entry-date"", ""requirement-level"": ""SHOULD""}, {""field"": ""start-date"", ""requirement-level"": ""SHOULD""}, {""field"": ""end-date"", ""requirement-level"": ""MAY""}, {""field"": ""notes"", ""requirement-level"": ""MAY""}]}]",,development-corporation-boundary,prospective,working-draft,
,development-plan;development-plan-timetable;local-plan-housing,development-plans-and-timetables,headline information about development plans,,,2026-01-23,26,development plan,"[{""dataset"": ""development-plan"", ""priority"": 1, ""requirement-level"": ""MUST"", ""fields"": [{""field"": ""reference"", ""requirement-level"": ""MUST""}, {""field"": ""name"", ""requirement-level"": ""MUST"", ""assertions"": [{""reference"": ""local-plan-A001"", ""requirement-level"": ""SHOULD"", ""text"": ""match the title of the document at `document-url`.""}]}, {""field"": ""dataset"", ""requirement-level"": ""MUST""}, {""field"": ""period-start-date"", ""requirement-level"": ""MUST""}, {""field"": ""period-end-date"", ""requirement-level"": ""MUST""}, {""field"": ""local-planning-authorities"", ""requirement-level"": ""SHOULD"", ""datasets"": [""local-plan"", ""supplementary-plan""]}, {""field"": ""mineral-planning-authorities"", ""requirement-level"": ""SHOULD"", ""datasets"": [""minerals-plan""]}, {""field"": ""waste-planning-authorities"", ""requirement-level"": ""SHOULD"", ""datasets"": [""waste-plan""]}, {""field"": ""documentation-url"", ""requirement-level"": ""MUST""}, {""field"": ""document-url"", ""requirement-level"": ""MUST"", ""assertions"": [{""reference"": ""local-plan-A002"", ""requirement-level"": ""MUST"", ""text"": ""link to the core local plan document described by this data.""}]}, {""field"": ""required-housing"", ""requirement-level"": ""MUST""}, {""field"": ""entry-date"", ""requirement-level"": ""SHOULD""}, {""field"": ""start-date"", ""requirement-level"": ""SHOULD""}, {""field"": ""end-date"", ""requirement-level"": ""MAY""}, {""field"": ""notes"", ""requirement-level"": ""MAY""}]}, {""dataset"": ""development-plan-timetable"", ""priority"": 2, ""requirement-level"": ""MUST"", ""fields"": [{""field"": ""reference"", ""requirement-level"": ""MUST""}, {""field"": ""development-plan"", ""requirement-level"": ""MUST""}, {""field"": ""development-plan-event"", ""requirement-level"": ""MUST"", ""dataset"": ""local-plan-event""}, {""field"": ""predicted-date"", ""requirement-level"": ""MUST""}, {""field"": ""entry-date"", ""requirement-level"": ""SHOULD""}, {""field"": ""start-date"", ""requirement-level"": ""SHOULD""}, {""field"": ""notes"", ""requirement-level"": ""MAY""}]}, {""dataset"": ""local-plan-housing"", ""priority"": 3, ""requirement-level"": ""SHOULD"", ""fields"": [{""field"": ""reference"", ""requirement-level"": ""MUST""}, {""field"": ""local-plan"", ""requirement-level"": ""MUST""}, {""field"": ""required-housing"", ""requirement-level"": ""MUST""}, {""field"": ""entry-date"", ""requirement-level"": ""SHOULD""}, {""field"": ""start-date"", ""requirement-level"": ""SHOULD""}, {""field"": ""end-date"", ""requirement-level"": ""MAY""}, {""field"": ""notes"", ""requirement-level"": ""MAY""}]}]",,development-plan,local-plans-2025,working-draft,
,development-policy;development-policy-area,,,,,2023-04-05,,Development policy,"[{""dataset"": ""development-policy"", ""name"": ""development policy"", ""fields"": [{""field"": ""reference""}, {""field"": ""name""}, {""field"": ""development-plan-document""}, {""field"": ""development-policy-categories""}, {""field"": ""organisation""}, {""field"": ""entry-date""}, {""field"": ""start-date""}, {""field"": ""end-date""}]}, {""dataset"": ""development-policy-area"", ""name"": ""development policy area"", ""fields"": [{""field"": ""reference""}, {""field"": ""name""}, {""field"": ""development-policies"", ""dataset"": ""development-policy""}, {""field"": ""geometry""}, {""field"": ""organisation""}, {""field"": ""entry-date""}, {""field"": ""start-date""}, {""field"": ""end-date""}]}]",,development-policy,prospective,working-draft,
,infrastructure-funding-statement,infrastructure-funding-statements,,,,2023-11-23,,Infrastructure funding statement,"[{""dataset"": ""infrastructure-funding-statement"", ""fields"": [{""field"": ""reference"", ""description"": ""a unique identifier for the IFS document""}, {""field"": ""name"", ""description"": ""the name given to the IFS document""}, {""field"": ""document-url"", ""description"": ""a url to the IFS document""}, {""field"": ""documentation-url"", ""description"": ""a url to the page where the IFS document has been published""}, {""field"": ""organisation"", ""description"": ""a reference to the publishing organisation""}, {""field"": ""period-start-date"", ""description"": ""a date for the start of the period the document covers""}, {""field"": ""period-end-date"", ""description"": ""a date for the end of the period the document covers""}, {""field"": ""notes"", ""description"": ""any additional notes""}, {""field"": ""entry-date"", ""description"": ""the date this record was created""}, {""field"": ""start-date"", ""description"": ""the date this record is valid from, for example the date the document was published to the urls provided""}, {""field"": ""end-date"", ""description"": ""the date this record is not longer true, for example if the urls to the document change""}]}]",,infrastructure-funding-statement,prospective,piloting,
,infrastructure-project;infrastructure-project-log;infrastructure-project-document,nationally-significant-infrastructure-projects,,,,2023-09-14,,infrastructure project,"[{""dataset"": ""infrastructure-project"", ""name"": ""Infrastructure project"", ""fields"": [{""field"": ""reference"", ""description"": ""the NSIP id""}, {""field"": ""name"", ""description"": ""the name of the project""}, {""field"": ""description"", ""description"": ""a brief description of the project""}, {""field"": ""applicant-organisation"", ""description"": ""the organisation id of the organisation making the application""}, {""field"": ""infrastructure-project-decision"", ""dataset"": ""infrastructure-project-decision"", ""description"": ""the decision, once it has been made. For example `consent-granted`""}, {""field"": ""decision-date"", ""description"": ""the date the decision was made, for example `2023-09-14`""}, {""field"": ""decision-maker"", ""description"": ""which secretary of state made the decision""}, {""field"": ""geometry"", ""description"": ""the site boundary for the proposed development""}, {""field"": ""point""}, {""field"": ""documentation-url"", ""description"": ""a url to a page with more information about the project""}, {""field"": ""infrastructure-project-type"", ""dataset"": ""infrastructure-project-type"", ""description"": ""the type of project, for example generating-stations""}, {""field"": ""notes"", ""description"": ""any additional notes in this field""}, {""field"": ""organisation"", ""description"": ""the organisation id of the organisation that provided this data""}, {""field"": ""entry-date""}, {""field"": ""start-date""}, {""field"": ""end-date""}]}, {""dataset"": ""infrastructure-project-log"", ""name"": ""Infrastructure project log"", ""fields"": [{""field"": ""reference""}, {""field"": ""infrastructure-project"", ""description"": ""the ID of the infrastructure project""}, {""field"": ""infrastructure-project-event"", ""dataset"": ""infrastructure-project-event"", ""description"": ""an event reference for something that has happened during the process""}, {""field"": ""event-date"", ""description"": ""the date the event happened, for example `2023-09-14`""}, {""field"": ""notes"", ""description"": ""any additional notes in this field""}, {""field"": ""organisation"", ""description"": ""the organisation id of the organisation that provided this data""}, {""field"": ""entry-date""}, {""field"": ""start-date""}, {""field"": ""end-date""}]}, {""dataset"": ""infrastructure-project-document"", ""name"": ""Infrastructure project document"", ""fields"": [{""field"": ""reference""}, {""field"": ""infrastructure-project"", ""description"": ""the ID of the infrastructure project""}, {""field"": ""document-type"", ""dataset"": ""infrastructure-project-document-type"", ""description"": ""the type of document, for example development-consent-order""}, {""field"": ""name"", ""description"": ""a name for the document""}, {""field"": ""notes"", ""description"": ""any additional notes in this field""}, {""field"": ""organisation"", ""description"": ""the organisation id of the organisation that provided this data""}, {""field"": ""document-url"", ""description"": ""a url to the document""}, {""field"": ""documentation-url"", ""description"": ""a url to the webpage where the document has been published""}, {""field"": ""entry-date""}, {""field"": ""start-date""}, {""field"": ""end-date""}]}]",,infrastructure-project,prospective,working-draft,
,listed-building-outline,,,,,2025-06-24,44,Listed building outline,"[{""dataset"": ""listed-building-outline"", ""fields"": [{""field"": ""reference"", ""description"": ""the <a href=\""#reference\"">reference</a> for the listed building"", ""guidance"": ""A reference or ID for each listed building that is:\n\n- unique within your dataset\n- permanent - it doesn't change when the dataset is updated\nIf you don't use a reference already, you will need to create one. It can be the Historic England reference used in the [register of listed buildings](https://historicengland.org.uk/listing/the-list/), or a short set of letters or numbers.\n\nExample: `LB1`\n""}, {""field"": ""name"", ""description"": ""the name of the listed building"", ""guidance"": ""The name of the listed building, as listed in the [register of listed buildings](https://historicengland.org.uk/listing/the-list/).\n\nExample: `10 and 12, Lower Clapton Road E5`\n""}, {""field"": ""listed-building"", ""description"": ""the Historic England identifier for the listed building, for example <a href=\""https://historicengland.org.uk/listing/the-list/list-entry/1024710\"" class=\""govuk-link\"">1024710</a>"", ""guidance"": ""The Historic England listed building reference for the listed building. This is recorded in the [register of listed buildings](https://historicengland.org.uk/listing/the-list/) as \""List Entry Number\"".\n\nExample: `1480524`\n""}, {""field"": ""geometry"", ""description"": ""the boundary of the area related to the listed building. Use curtilage (according to the <a href=\""https://historicengland.org.uk/images-books/publications/listed-buildings-and-curtilage-advice-note-10/heag125-listed-buildings-and-curtilage/\"" class=\""govuk-link\"">Historic England advice note</a>) if it\u2019s available."", ""guidance"": ""The outline of the listed building as a single polygon or multipolygon value. All points in the polygon must be in the WGS84 coordinate reference system.\n\nIf you\u2019re providing geometry in a CSV, geometry should be in well-known text (WKT).\n\nExample: `MULTIPOLYGON (((1.188829 51.23478,1.188376 51.234909,1.188381 51.234917,1.187912 51.235022...`\n\nIf you\u2019re providing geometry in a GeoJSON, GML or Geopackage, use the associated geometry format.\n""}, {""field"": ""description"", ""description"": ""a description of the area impacted by the listing""}, {""field"": ""notes"", ""description"": ""optional notes"", ""guidance"": ""Optional text on how this data was made or produced, or how it can be interpreted.\n""}, {""field"": ""organisation"", ""description"": ""the organisation responsible for the listed building""}, {""field"": ""uprns"", ""description"": ""a list of uprns contained in the area and therefore affected by the listing""}, {""field"": ""entry-date"", ""description"": ""the date this information has been entered as a record"", ""guidance"": ""The date the entity was last updated.\n\nIf the entity has never been updated, enter the same date as start-date.\n\nWrite in `YYYY-MM-DD` format.\n\nExample: `2022-12-20`\n""}, {""field"": ""start-date"", ""description"": ""the date the validity of the record starts"", ""guidance"": ""The date from which the building was listed, written in `YYYY-MM-DD` format.\n\nExample: `1984-03-28`\n""}, {""field"": ""end-date"", ""description"": ""the date the validity of the record ends"", ""guidance"": ""Where the building is no longer listed, this should be the date that it was [no longer in effect](https://standards.planning-data.dev/principles/#we-shouldn%E2%80%99t-delete-entries-in-a-register), written in YYYY-MM-DD format. If it's still listed, leave the cell blank.\n\nExample: `1999-01-20`\n""}]}]",,listed-building,digital-planning-funding,piloting,
,local-area-requirements,local-area-requirements,,,,2024-08-01,52,Local area requirement,"[{""dataset"": ""local-area-requirements"", ""name"": ""Local area requirements"", ""fields"": [{""field"": ""reference"", ""description"": ""a reference for the local area requirement document""}, {""field"": ""name"", ""description"": ""a name used for this local area requirements document""}, {""field"": ""description"", ""description"": ""a description of the local area requirements document""}, {""field"": ""organisation"", ""description"": ""the organisation responsible for the local area requirements""}, {""field"": ""document-urls"", ""description"": ""a list of urls to the documents that make up the local area requirements. Separate the urls with a `;`""}, {""field"": ""documentation-url"", ""description"": ""a url to the page where the document(s) are published""}, {""field"": ""period-start-date"", ""description"": ""the date the local area requirements became active""}, {""field"": ""notes"", ""description"": ""any additional notes about the local area requirements""}, {""field"": ""entry-date"", ""description"": ""the date this record was created""}, {""field"": ""start-date"", ""description"": ""the date the validity of the record starts""}, {""field"": ""end-date"", ""description"": ""the date the validity of the record starts""}]}]",,local-area-requirement,prospective,working-draft,
,local-plan-timetable,local-plans,log of past and predicted milestones and events when producing a local plan,,,2025-11-05,97,local plan timetable,"[{""dataset"": ""local-plan-timetable"", ""priority"": 2, ""requirement-level"": ""SHOULD"", ""fields"": [{""field"": ""reference"", ""requirement-level"": ""MUST""}, {""field"": ""local-plan"", ""requirement-level"": ""MUST""}, {""field"": ""local-plan-event"", ""requirement-level"": ""MUST"", ""dataset"": ""local-plan-event""}, {""field"": ""predicted-earliest-date"", ""requirement-level"": ""SHOULD""}, {""field"": ""predicted-latest-date"", ""requirement-level"": ""SHOULD""}, {""field"": ""entry-date"", ""requirement-level"": ""SHOULD""}, {""field"": ""start-date"", ""requirement-level"": ""SHOULD""}, {""field"": ""notes"", ""requirement-level"": ""MAY""}]}]",,local-plan-timetable,prospective,working-draft,
,local-plan;local-plan-housing;local-plan-document,local-plans,headline information about one or more local plans,,,2025-11-08,97,local plan,"[{""dataset"": ""local-plan"", ""priority"": 1, ""requirement-level"": ""SHOULD"", ""fields"": [{""field"": ""reference"", ""requirement-level"": ""MUST""}, {""field"": ""name"", ""requirement-level"": ""SHOULD"", ""assertions"": [{""reference"": ""local-plan-A001"", ""requirement-level"": ""SHOULD"", ""text"": ""match the title of the document at `document-url`.""}]}, {""field"": ""dataset"", ""requirement-level"": ""SHOULD""}, {""field"": ""period-start-date"", ""requirement-level"": ""SHOULD""}, {""field"": ""period-end-date"", ""requirement-level"": ""SHOULD""}, {""field"": ""local-planning-authorities"", ""requirement-level"": ""SHOULD"", ""datasets"": [""local-plan"", ""supplementary-plan""]}, {""field"": ""mineral-planning-authorities"", ""requirement-level"": ""SHOULD"", ""datasets"": [""minerals-plan""]}, {""field"": ""waste-planning-authorities"", ""requirement-level"": ""SHOULD"", ""datasets"": [""waste-plan""]}, {""field"": ""local-plan-process"", ""requirement-level"": ""SHOULD""}, {""field"": ""documentation-url"", ""requirement-level"": ""MUST""}, {""field"": ""document-url"", ""requirement-level"": ""MUST"", ""assertions"": [{""reference"": ""local-plan-A002"", ""requirement-level"": ""MUST"", ""text"": ""link to the core local plan document described by this data.""}]}, {""field"": ""entry-date"", ""requirement-level"": ""SHOULD""}, {""field"": ""start-date"", ""requirement-level"": ""SHOULD""}, {""field"": ""end-date"", ""requirement-level"": ""MAY""}, {""field"": ""notes"", ""requirement-level"": ""MAY""}]}, {""dataset"": ""local-plan-housing"", ""priority"": 3, ""requirement-level"": ""SHOULD"", ""fields"": [{""field"": ""reference"", ""requirement-level"": ""MUST""}, {""field"": ""local-plan"", ""requirement-level"": ""MUST""}, {""field"": ""local-planning-authority"", ""requirement-level"": ""SHOULD""}, {""field"": ""required-housing"", ""requirement-level"": ""SHOULD""}, {""field"": ""committed-housing"", ""requirement-level"": ""SHOULD""}, {""field"": ""allocated-housing"", ""requirement-level"": ""SHOULD""}, {""field"": ""broad-locations-housing"", ""requirement-level"": ""SHOULD""}, {""field"": ""windfall-housing"", ""requirement-level"": ""SHOULD""}, {""field"": ""entry-date"", ""requirement-level"": ""SHOULD""}, {""field"": ""start-date"", ""requirement-level"": ""SHOULD""}, {""field"": ""end-date"", ""requirement-level"": ""MAY""}, {""field"": ""notes"", ""requirement-level"": ""MAY""}]}, {""dataset"": ""local-plan-document"", ""priority"": 3, ""requirement-level"": ""MAY"", ""fields"": [{""field"": ""reference"", ""requirement-level"": ""MUST""}, {""field"": ""name"", ""requirement-level"": ""MUST""}, {""field"": ""description"", ""requirement-level"": ""MAY""}, {""field"": ""local-plan"", ""requirement-level"": ""MUST""}, {""field"": ""document-types"", ""requirement-level"": ""SHOULD""}, {""field"": ""documentation-url"", ""requirement-level"": ""SHOULD""}, {""field"": ""document-url"", ""requirement-level"": ""MUST""}, {""field"": ""entry-date"", ""requirement-level"": ""SHOULD""}, {""field"": ""start-date"", ""requirement-level"": ""SHOULD""}, {""field"": ""end-date"", ""requirement-level"": ""MAY""}, {""field"": ""notes"", ""requirement-level"": ""MAY""}]}]",,local-plan,local-plans-2025,working-draft,
,local-planning-authority,development-corporation,,,,2025-11-05,,local planning authority,"[{""dataset"": ""local-planning-authority"", ""priority"": 1, ""requirement-level"": ""SHOULD"", ""fields"": [{""field"": ""reference"", ""requirement-level"": ""MUST""}, {""field"": ""name"", ""requirement-level"": ""SHOULD""}, {""field"": ""documentation-url"", ""requirement-level"": ""SHOULD""}, {""field"": ""document-url"", ""requirement-level"": ""SHOULD""}, {""field"": ""geometry"", ""requirement-level"": ""SHOULD""}, {""field"": ""entry-date"", ""requirement-level"": ""SHOULD""}, {""field"": ""start-date"", ""requirement-level"": ""SHOULD""}, {""field"": ""end-date"", ""requirement-level"": ""MAY""}, {""field"": ""notes"", ""requirement-level"": ""MAY""}]}]",,local-planning-authority,prospective,working-draft,
,planning-application;planning-application-log;planning-application-document,planning-applications-decisions,planning application,,,2025-02-13,25,Planning application decision,"[{""dataset"": ""planning-application"", ""name"": ""Planning application"", ""fields"": [{""field"": ""reference"", ""description"": ""The planning application reference (for example, \""27/AP/9032\"")""}, {""field"": ""name"", ""description"": ""Name of the planning application (for example, \""Residential alteration to Downton House\"")""}, {""field"": ""description"", ""description"": ""Brief description of the application (for example, \""Alterations to two windows on the southern elevation of the 3rd floor flat\"")""}, {""field"": ""address-text"", ""description"": ""The address of the site as a single line of text (for example, \""11 High Street, Ambridge, BO22 3LL\"")""}, {""field"": ""uprn"", ""description"": ""The UPRN for the primary address of the site""}, {""field"": ""geometry"", ""description"": ""the boundary of the site as a POLYGON or MULTIPOLYGON, with points in the EPSG 4326 coordinate reference system, and WGS85 datum, encoded in Well-Known Text (WKT) representation of geometry""}, {""field"": ""point""}, {""field"": ""documentation-url"", ""description"": ""The URL of this planning application in the planning register.""}, {""field"": ""planning-application-type"", ""dataset"": ""planning-application-type"", ""description"": ""The reference code for the type of planning application (for example \""full-planning-permission\"")""}, {""field"": ""planning-decision"", ""dataset"": ""planning-decision"", ""description"": ""The reference code for the planning decision made (for example \""pending\"" or \""permission-in-principle\"")""}, {""field"": ""planning-decision-type"", ""dataset"": ""planning-decision-type"", ""description"": ""The reference code for the way the decision was made (for example \""committee\"")""}, {""field"": ""notes"", ""description"": ""Optional notes text""}, {""field"": ""organisation"", ""description"": ""The reference code for the organisation responsible for processing the planning application""}, {""field"": ""entry-date"", ""description"": ""The date this data was created or last updated""}, {""field"": ""start-date"", ""description"": ""The date the planning application was submitted""}, {""field"": ""decision-date"", ""description"": ""The date the planning application was decided upon""}, {""field"": ""end-date"", ""description"": ""The date the planning application was withdrawn or removed from the register""}]}, {""dataset"": ""planning-application-log"", ""name"": ""planning application log"", ""fields"": [{""field"": ""reference"", ""description"": ""The reference for the planning application status (for example, \""27/AP/9032/FULL\"")""}, {""field"": ""planning-application"", ""description"": ""The planning application reference (for example, \""27/AP/9032\"")""}, {""field"": ""planning-application-status"", ""dataset"": ""planning-application-status"", ""description"": ""The reference code for the change of planning application status (for example \""validated\"", \""decided\"" or \""under-appeal\"")""}, {""field"": ""documentation-url"", ""description"": ""The URL for a web page where a user can see the change in the planning application status""}, {""field"": ""document-url"", ""description"": ""The URL for a document which evidences the change in the planning application status""}, {""field"": ""notes"", ""description"": ""Optional notes text""}, {""field"": ""organisation"", ""description"": ""The code for the organisation responsible for processing the application""}, {""field"": ""event-date"", ""description"": ""The date this event happened or the change in status applies from""}, {""field"": ""entry-date"", ""description"": ""The date this data was created or last updated""}, {""field"": ""start-date"", ""description"": ""The date this fact was true from""}, {""field"": ""end-date"", ""description"": ""The date this change of event no longer applies. This is the same as the start-date in case of an error""}]}, {""dataset"": ""planning-application-document"", ""name"": ""planning application document"", ""fields"": [{""field"": ""reference"", ""description"": ""An unique identifier for the document (for example, \""27/AP/9032/DOC/3\"")""}, {""field"": ""name"", ""description"": ""The name of this document""}, {""field"": ""description"", ""description"": ""Brief description of this document""}, {""field"": ""planning-application"", ""description"": ""The planning application reference (for example, \""27/AP/9032\"")""}, {""field"": ""document-type"", ""dataset"": ""planning-application-document-type"", ""description"": ""The code for this document type (for example \""proposed-plan\"")""}, {""field"": ""documentation-url"", ""description"": ""The webpage where you can find this document""}, {""field"": ""document-url"", ""description"": ""The URL of the actual document""}, {""field"": ""notes"", ""description"": ""Optional notes""}, {""field"": ""organisation"", ""description"": ""The code for the responsible organisation (for example, local-authority-eng:BST)""}, {""field"": ""entry-date"", ""description"": ""The date this data was created or last updated""}, {""field"": ""start-date"", ""description"": ""The date the document was published""}]}]",,planning-application-decision,prospective,working-draft,
,planning-condition;planning-application-condition,planning-conditions,,,,2023-11-09,40,Planning condition,"[{""dataset"": ""planning-condition"", ""name"": ""planning condition"", ""fields"": [{""field"": ""reference"", ""description"": ""a reference for the planning condition""}, {""field"": ""name"", ""description"": ""a name used for this planning condition""}, {""field"": ""description"", ""description"": ""text explaining the condition""}, {""field"": ""reason"", ""description"": ""a text reason for the condition""}, {""field"": ""organisation"", ""description"": ""the organisation that created the condition""}, {""field"": ""notes"", ""description"": ""any additional notes about the condition""}, {""field"": ""entry-date"", ""description"": ""the date the condition record was created""}, {""field"": ""start-date"", ""description"": ""the date the validity of the record starts""}, {""field"": ""end-date"", ""description"": ""the date the validity of the record starts""}]}, {""dataset"": ""planning-application-condition"", ""name"": ""planning application condition"", ""fields"": [{""field"": ""reference"", ""description"": ""a reference for the planning application - condition connection""}, {""field"": ""planning-application"", ""dataset"": ""planning-application"", ""description"": ""a planning application reference""}, {""field"": ""planning-condition"", ""dataset"": ""planning-condition"", ""description"": ""a planning condition reference""}, {""field"": ""document-url"", ""description"": ""a url to the decision notice that includes details of the condition applying to the planning application""}, {""field"": ""documentation-url"", ""description"": ""a url to a page where it is possible to find the decision notice""}, {""field"": ""description"", ""description"": ""a description of the condition applied to the application""}, {""field"": ""organisation"", ""description"": ""the organisation that as added the condition to the planning application""}, {""field"": ""notes"", ""description"": ""any additional notes about the planning application - condition connection""}, {""field"": ""entry-date"", ""description"": ""the date the record was created""}, {""field"": ""start-date"", ""description"": ""the date the validity of the record starts""}, {""field"": ""end-date"", ""description"": ""the date the validity of the record starts""}]}]",,planning-condition,prospective,working-draft,
,tree-preservation-order;tree-preservation-zone;tree,tree-preservation-orders,,,,2025-11-08,43,Tree preservation order,"[{""dataset"": ""tree-preservation-order"", ""name"": ""tree preservation order"", ""fields"": [{""field"": ""reference"", ""description"": ""the <a href=\""#reference\"">reference</a> for the tree preservation order"", ""guidance"": ""A reference or ID for each tree preservation order that is:\n\n- unique within your dataset\n- permanent - it doesn't change when the dataset is updated\nIf you don't use a reference already, you will need to create one. This can be a short set of letters or numbers.\n\nExample: `TPO1`\n""}, {""field"": ""name"", ""description"": ""the name of the tree preservation order"", ""guidance"": ""This will be the title of the page hosting data about this tree preservation order on your website. This can be:\n\n- name\n- reference\n- address\n- blank\n""}, {""field"": ""documentation-url"", ""description"": ""the URL of the web page where you can find information about the tree preservation order"", ""guidance"": ""The URL of the webpage on your website that introduces the document.\n\nEach document should be linked to from a documentation webpage that includes a short description of the data and the document you\u2019re linking to. Each tree preservation order should have a unique URL. This means you can create a separate page for each one, or you could list several on one page. If you do that, there must be a separate anchor link (fragment identifier) for each one.\n\nThis means each section of your page should have its own URL. Most publishing systems will allow you to use a hashtag to create the identifiers for each tree preservation order you list - as in the examples shown.\n\nExamples:\n\nOne tree preservation order per page:\n\n`http://www.LPAwebsite.org.uk/data/treepreservationorders/smithroad`\n\nMore than one tree preservation order per page with an anchor link for each one:\n\n`http://www.LPAwebsite.org.uk/data/treepreservationorders#smithroad`\n\n`http://www.LPAwebsite.org.uk/data/treepreservationorders#broadhousepark`\n""}, {""field"": ""document-url"", ""description"": ""the URL of the tree preservation order document. If a TPO is revoked you can blank out this field."", ""guidance"": ""The URL of an authoritative order or notice designating the tree preservation order. If the TPO has been revoked, you can blank out this field.\n\nExample: `http://www.LPAwebsite.org.uk/tpo1.pdf`\n""}, {""field"": ""made-date"", ""description"": ""the date the tree preservation order was \""made\"""", ""guidance"": ""The date a tree preservation order was made available to the public. The tree or trees are temporarily protected from this date, until the order is confirmed.\n\nWrite in YYYY-MM-DD format.\n\nExample: `2022-12-20`\n""}, {""field"": ""confirmed-date"", ""description"": ""the date the tree preservation order was \""confirmed\"""", ""guidance"": ""The date a tree preservation order is confirmed as being in effect, and the tree or trees are fully protected. This comes after all objections have been considered.\n\nWrite in YYYY-MM-DD format.\n\nExample: `2022-12-20`\n""}, {""field"": ""notes"", ""description"": ""optional notes"", ""guidance"": ""Optional text on how this data was or produced, or how it can be interpreted.\n""}, {""field"": ""organisation"", ""description"": ""the organisation responsible for this tree preservation order""}, {""field"": ""entry-date"", ""description"": ""the <a href=\""#date\"">date</a> this entry was created or amended"", ""guidance"": ""The date the entity was last updated.\n\nIf the entity has never been updated, enter the same date as start-date.\n\nWrite in YYYY-MM-DD format.\n\nExample: `2022-12-20`\n""}, {""field"": ""start-date"", ""description"": ""the <a href=\""#date\"">date</a> the tree preservation order came into force"", ""guidance"": ""The date that the tree preservation order came into force, written in `YYYY-MM-DD` format.\n\nExample: `1984-03-28`\n""}, {""field"": ""end-date"", ""description"": ""the <a href=\""#date\"">date</a> the tree preservation order was revoked. Leave blank if the TPO is still active"", ""guidance"": ""Where the tree preservation order is [revoked](https://standards.planning-data.dev/principles/#we-shouldn%E2%80%99t-delete-entries-in-a-register), this should be the date that it was no longer in effect, written in `YYYY-MM-DD` format. If the TPO is still active, leave this field blank. If the tree has been felled, use the felled-date field.\n\nExample: `1999-01-20`\n""}]}, {""dataset"": ""tree-preservation-zone"", ""name"": ""tree preservation zone"", ""fields"": [{""field"": ""reference"", ""description"": ""the <a href=\""#reference\"">reference</a> for the tree preservation zone"", ""guidance"": ""A reference or ID for each tree preservation zone that is:\n\n- unique within your dataset\n- permanent - it doesn't change when the dataset is updated\nIf you don't use a reference already, you will need to create one. This can be a short set of letters or numbers.\n\nExample: `TPO1`\n""}, {""field"": ""name"", ""description"": ""the name of the tree preservation zone"", ""guidance"": ""This will be the display name of the page hosting data about this tree preservation zone on your website. This can be:\n\n- name\n- reference\n- address\n- blank\n""}, {""field"": ""tree-preservation-order"", ""description"": ""the <a href=\""#reference\"">reference</a> for the tree preservation order"", ""guidance"": ""The reference for the tree preservation order that covers this zone.\n""}, {""field"": ""tree-preservation-zone-type"", ""description"": ""the type of zone, for example area, group or woodland"", ""dataset"": ""tree-preservation-zone-type"", ""guidance"": ""What sort of tree preservation zone this is.\n\nThis can be:\n\n- area\n- group\n- woodland\n""}, {""field"": ""geometry"", ""description"": ""the boundary of the area covered by the tree preservation zone in WKT format"", ""guidance"": ""The boundary for the tree preservation zone as a single polygon or multipolygon value. All points in the polygon must be in the WGS84 coordinate reference system.\n\nIf you\u2019re providing geometry in a CSV, geometry should be in well-known text (WKT).\n\nExample: `MULTIPOLYGON (((1.188829 51.23478,1.188376 51.234909,1.188381 51.234917,1.187912 51.235022...`\n\nIf you\u2019re providing geometry in a GeoJSON, GML or Geopackage, use the associated geometry format.\n""}, {""field"": ""point"", ""description"": ""the centre of the tree preservation zone if you cannot provide the full geometry""}, {""field"": ""notes"", ""description"": ""optional notes"", ""guidance"": ""Optional text on how this data was made or produced, or how it can be interpreted.\n""}, {""field"": ""organisation"", ""description"": ""the organisation responsible for this tree preservation order""}, {""field"": ""entry-date"", ""description"": ""the <a href=\""#date\"">date</a> this entry was created or amended"", ""guidance"": ""The date the entity was last updated.\n\nIf the entity has never been updated, enter the same date as start-date.\n\nWrite in `YYYY-MM-DD` format.\n\nExample: `2022-12-20`\n""}, {""field"": ""start-date"", ""description"": ""the <a href=\""#date\"">date</a> the tree preservation zone came into force"", ""guidance"": ""The date that the tree preservation order came into force, written in `YYYY-MM-DD` format.\n\nExample: `1984-03-28`\n""}, {""field"": ""end-date"", ""description"": ""the <a href=\""#date\"">date</a> the tree preservation zone ended or leave blank if the zone is still active"", ""guidance"": ""If applicable, the date that the tree preservation order was revoked, written in `YYYY-MM-DD` format. If it's still in effect, leave the cell blank.\n\nExample: `1999-01-20`\n""}]}, {""dataset"": ""tree"", ""name"": ""tree"", ""fields"": [{""field"": ""reference"", ""description"": ""the number or reference for the tree which appears in the preservation order"", ""guidance"": ""A reference or ID for each tree that is:\n\n- unique within your dataset\n- permanent - it doesn't change when the dataset is updated\nIf you don't use a reference already, you will need to create one. This can be a short set of letters or numbers.\n\nExample: `T1`\n""}, {""field"": ""name"", ""description"": ""the name of the tree"", ""guidance"": ""This will be the title of the page hosting data about this tree preservation order on your website. This can be:\n\n- name\n- reference\n- address\n- blank\n""}, {""field"": ""tree-preservation-order"", ""description"": ""the <a href=\""#reference\"">reference</a> for the tree preservation order"", ""guidance"": ""The reference for the tree preservation order that affects this tree.\n\nExample: `TPO1`\n""}, {""field"": ""uprn"", ""description"": ""unique property reference number if the tree is located on an addressable property"", ""dataset-field"": ""address"", ""guidance"": ""If the tree has one, you can provide the Unique Property Reference Number (UPRN). [Find the UPRN on GeoPlace](https://www.geoplace.co.uk/addresses-streets/location-data/the-uprn).\n\nIf you provide the UPRN, you must also provide the address text.\n""}, {""field"": ""address-text"", ""description"": ""the address of the property"", ""guidance"": ""If the tree has one, you can provide the address, written as text.\n\nIf you provide the address text, you must also provide the UPRN.\n\nExample: `100 High Street, Bath`\n""}, {""field"": ""point"", ""description"": ""the centre of the tree area if you cannot provide the full geometry"", ""guidance"": ""The approximate location of the centre of the tree.\n\nYou must provide a point or geometry for each tree. You may provide both.\n\nThe point must be in the WGS84 coordinate reference system. If you\u2019re providing point in a CSV, geometry should be in well-known text (WKT).\n\nExample: `POINT (-0.681152 52.762892)`\n\nIf you\u2019re providing point in a GeoJSON, GML or Geopackage, use the associated geometry format.\n""}, {""field"": ""geometry"", ""description"": ""the boundary of the area covered by the tree in WKT format"", ""guidance"": ""The boundary of the tree as a single polygon or multipolygon value. All points in the polygon must be in the WGS84 coordinate reference system.\n\nIf you\u2019re providing geometry in a CSV, geometry should be in well-known text (WKT).\n\nYou must provide a point or geometry for each tree. You may provide both.\n\nExample: `MULTIPOLYGON (((1.188829 51.23478,1.188376 51.234909,1.188381 51.234917,1.187912 51.235022...`\n\nIf you\u2019re providing geometry in a GeoJSON, GML or Geopackage, use the associated geometry format.\n""}, {""field"": ""notes"", ""description"": ""optional notes"", ""guidance"": ""Optional text on how this data was made or produced, or how it can be interpreted.\n""}, {""field"": ""organisation"", ""description"": ""the organisation responsible for this tree""}, {""field"": ""felled-date"", ""description"": ""the date the tree was felled"", ""guidance"": ""If applicable, the date that the tree was felled, written in `YYYY-MM-DD` format. If the tree hasn't been felled, leave this field blank.\n""}, {""field"": ""entry-date"", ""description"": ""the <a href=\""#date\"">date</a> this entry was created or amended"", ""guidance"": ""The date the entity was last updated.\n\nIf the entity has never been updated, enter the same date as start-date.\n\nWrite in `YYYY-MM-DD` format.\n\nExample: `2022-12-20`\n""}, {""field"": ""start-date"", ""description"": ""the <a href=\""#date\"">date</a> from which the tree preservation order affects the tree"", ""guidance"": ""The date from which the tree preservation order affects the tree, written in `YYYY-MM-DD` format.\n\nExample: `1984-03-28`\n""}, {""field"": ""end-date"", ""description"": ""the <a href=\""#date\"">date</a> the tree preservation order no longer affects the tree, or leave blank if the tree is still under the order. Use the felled-date if the tree has been felled."", ""guidance"": ""Where the tree preservation order is [revoked](https://standards.planning-data.dev/principles/#we-shouldn%E2%80%99t-delete-entries-in-a-register), this should be the date that it was no longer in effect, written in `YYYY-MM-DD` format. If the TPO is still active, leave this field blank. If the tree has been felled, use the felled-date field.\n\nExample: `1999-01-20`\n""}]}]",,tree-preservation-order,digital-planning-funding,piloting,
