award,start-date,fund,intervention,amount,organisation,organisations,documentation-url,notes
1,2021-03-01,local-plans-pathfinders,plan-making,80000,local-authority:ASF,,,
2,2021-03-01,local-plans-pathfinders,plan-making,60000,local-authority:BIR,,,
3,2021-03-01,local-plans-pathfinders,plan-making,65000,local-authority:BRX,,,
4,2021-03-01,local-plans-pathfinders,plan-making,80000,local-authority:DAC,,,
5,2021-03-01,local-plans-pathfinders,plan-making,45000,local-authority:ESK,,,
6,2021-03-01,local-plans-pathfinders,plan-making,80000,local-authority:HNS,,,
7,2021-03-01,local-plans-pathfinders,plan-making,80000,local-authority:KEC,,,
8,2021-03-01,local-plans-pathfinders,plan-making,60000,local-authority:NET,local-authority:GAT,,
9,2021-03-01,local-plans-pathfinders,plan-making,65000,local-authority:PLY,local-authority:SHA;local-authority:WDE,,
10,2021-03-01,local-plans-pathfinders,plan-making,60000,local-authority:STR,local-authority:WAW,,
11,2021-10-01,proptech-round-1,engagement,100000,local-authority:BDG,,https://www.localdigital.gov.uk/digital-planning/proptech/funding,
12,2021-10-01,proptech-round-1,engagement,100000,local-authority:BOS,,https://www.localdigital.gov.uk/digital-planning/proptech/funding,
13,2021-10-01,proptech-round-1,engagement,100000,local-authority:CHS,,https://www.localdigital.gov.uk/digital-planning/proptech/funding,
14,2021-10-01,proptech-round-1,engagement,53193,local-authority:COT,,https://www.localdigital.gov.uk/digital-planning/proptech/funding,
15,2021-10-01,proptech-round-1,engagement,100000,local-authority:DAC,,https://www.localdigital.gov.uk/digital-planning/proptech/funding,
16,2021-10-01,proptech-round-1,engagement,95000,local-authority:DST,,https://www.localdigital.gov.uk/digital-planning/proptech/funding,
17,2021-10-01,proptech-round-1,engagement,100000,local-authority:HNS,,https://www.localdigital.gov.uk/digital-planning/proptech/funding,
18,2021-10-01,proptech-round-1,engagement,100000,local-authority:NLN,,https://www.localdigital.gov.uk/digital-planning/proptech/funding,
19,2021-10-01,proptech-round-1,engagement,98250,local-authority:SCA,,https://www.localdigital.gov.uk/digital-planning/proptech/funding,
20,2021-10-01,proptech-round-1,engagement,90000,local-authority:SKP,,https://www.localdigital.gov.uk/digital-planning/proptech/funding,
21,2021-10-01,proptech-round-1,engagement,100000,local-authority:STH,,https://www.localdigital.gov.uk/digital-planning/proptech/funding,
22,2021-10-01,proptech-round-1,engagement,99975,local-authority:WAT,,https://www.localdigital.gov.uk/digital-planning/proptech/funding,
23,2021-10-01,proptech-round-1,engagement,30000,local-authority:WND,,https://www.localdigital.gov.uk/digital-planning/proptech/funding,
24,2022-01-01,odp-pathfinders,integration,58000,local-authority:BAN,,https://mhclgdigital.blog.gov.uk/2022/01/21/modernising-planning-software-in-collaboration-with-councils-and-suppliers/,
25,2022-01-01,odp-pathfinders,integration,150000,local-authority:COL,,https://mhclgdigital.blog.gov.uk/2022/01/21/modernising-planning-software-in-collaboration-with-councils-and-suppliers/,
26,2022-01-01,odp-pathfinders,integration,150000,local-authority:HAV,,https://mhclgdigital.blog.gov.uk/2022/01/21/modernising-planning-software-in-collaboration-with-councils-and-suppliers/,
27,2022-01-01,odp-pathfinders,integration,150000,local-authority:HRW,,https://mhclgdigital.blog.gov.uk/2022/01/21/modernising-planning-software-in-collaboration-with-councils-and-suppliers/,
28,2022-01-01,odp-pathfinders,integration,149000,local-authority:NDE,,https://mhclgdigital.blog.gov.uk/2022/01/21/modernising-planning-software-in-collaboration-with-councils-and-suppliers/,
29,2022-01-01,odp-pathfinders,integration,114000,local-authority:NGM,,https://mhclgdigital.blog.gov.uk/2022/01/21/modernising-planning-software-in-collaboration-with-councils-and-suppliers/,
30,2022-01-01,odp-pathfinders,integration,150000,local-authority:SEV,,https://mhclgdigital.blog.gov.uk/2022/01/21/modernising-planning-software-in-collaboration-with-councils-and-suppliers/,
31,2022-01-01,odp-pathfinders,integration,150000,local-authority:TEW,,https://mhclgdigital.blog.gov.uk/2022/01/21/modernising-planning-software-in-collaboration-with-councils-and-suppliers/,
32,2022-01-01,ripa-bops,software,400000,local-authority:CMD,,https://mhclgdigital.blog.gov.uk/2022/01/21/modernising-planning-software-in-collaboration-with-councils-and-suppliers/,
33,2022-01-01,ripa-bops,software,348000,local-authority:DAC,,https://mhclgdigital.blog.gov.uk/2022/01/21/modernising-planning-software-in-collaboration-with-councils-and-suppliers/,
34,2022-01-01,ripa-bops,software,358000,local-authority:DNC,,https://mhclgdigital.blog.gov.uk/2022/01/21/modernising-planning-software-in-collaboration-with-councils-and-suppliers/,
35,2022-01-01,ripa-bops,software,395000,local-authority:GLO,,https://mhclgdigital.blog.gov.uk/2022/01/21/modernising-planning-software-in-collaboration-with-councils-and-suppliers/,
36,2022-01-01,ripa-bops,software,400000,local-authority:MDW,,https://mhclgdigital.blog.gov.uk/2022/01/21/modernising-planning-software-in-collaboration-with-councils-and-suppliers/,
37,2022-01-01,ripa-bops,software,400000,local-authority:NET,,https://mhclgdigital.blog.gov.uk/2022/01/21/modernising-planning-software-in-collaboration-with-councils-and-suppliers/,
38,2022-03-01,proptech-round-2,engagement,65500,local-authority:BIR,,https://www.localdigital.gov.uk/digital-planning/proptech/funding,
39,2022-03-01,proptech-round-2,engagement,95800,local-authority:BOS,,https://www.localdigital.gov.uk/digital-planning/proptech/funding,
40,2022-03-01,proptech-round-2,engagement,125000,local-authority:CON,,https://www.localdigital.gov.uk/digital-planning/proptech/funding,
41,2022-03-01,proptech-round-2,engagement,121750,local-authority:DAC,,https://www.localdigital.gov.uk/digital-planning/proptech/funding,
42,2022-03-01,proptech-round-2,engagement,40500,local-authority:EHA,,https://www.localdigital.gov.uk/digital-planning/proptech/funding,
43,2022-03-01,proptech-round-2,engagement,228800,local-authority:EPP,local-authority:EHE;local-authority:HAR;local-authority:HRT;local-authority:ESS,https://www.localdigital.gov.uk/digital-planning/proptech/funding,
44,2022-03-01,proptech-round-2,engagement,125000,local-authority:EPS,,https://www.localdigital.gov.uk/digital-planning/proptech/funding,
45,2022-03-01,proptech-round-2,engagement,83450,local-authority:HAA,,https://www.localdigital.gov.uk/digital-planning/proptech/funding,
46,2022-03-01,proptech-round-2,engagement,125000,local-authority:HAO,,https://www.localdigital.gov.uk/digital-planning/proptech/funding,
47,2022-03-01,proptech-round-2,engagement,99000,local-authority:HRY,,https://www.localdigital.gov.uk/digital-planning/proptech/funding,
48,2022-03-01,proptech-round-2,engagement,118000,local-authority:KEC,,https://www.localdigital.gov.uk/digital-planning/proptech/funding,
49,2022-03-01,proptech-round-2,engagement,92164,local-authority:LBH,,https://www.localdigital.gov.uk/digital-planning/proptech/funding,
50,2022-03-01,proptech-round-2,engagement,86750,local-authority:LCE,,https://www.localdigital.gov.uk/digital-planning/proptech/funding,
51,2022-03-01,proptech-round-2,engagement,112500,local-authority:LEE,,https://www.localdigital.gov.uk/digital-planning/proptech/funding,
52,2022-03-01,proptech-round-2,engagement,125000,local-authority:NWM,,https://www.localdigital.gov.uk/digital-planning/proptech/funding,
53,2022-03-01,proptech-round-2,engagement,285000,local-authority:PLY,local-authority:SHA;local-authority:WDE,https://www.localdigital.gov.uk/digital-planning/proptech/funding,
54,2022-03-01,proptech-round-2,engagement,125000,local-authority:RDB,,https://www.localdigital.gov.uk/digital-planning/proptech/funding,
55,2022-03-01,proptech-round-2,engagement,90020,local-authority:RUN,,https://www.localdigital.gov.uk/digital-planning/proptech/funding,
56,2022-03-01,proptech-round-2,engagement,117000,local-authority:SCA,,https://www.localdigital.gov.uk/digital-planning/proptech/funding,
57,2022-03-01,proptech-round-2,engagement,121187,local-authority:SRY,,https://www.localdigital.gov.uk/digital-planning/proptech/funding,
58,2022-03-01,proptech-round-2,engagement,125000,local-authority:STH,,https://www.localdigital.gov.uk/digital-planning/proptech/funding,
59,2022-03-01,proptech-round-2,engagement,125000,local-authority:STV,,https://www.localdigital.gov.uk/digital-planning/proptech/funding,
60,2022-03-01,proptech-round-2,engagement,123000,local-authority:WAT,,https://www.localdigital.gov.uk/digital-planning/proptech/funding,
61,2022-03-01,proptech-round-2,engagement,69500,local-authority:WFT,,https://www.localdigital.gov.uk/digital-planning/proptech/funding,
62,2022-03-01,proptech-round-2,engagement,120000,local-authority:WLL,,https://www.localdigital.gov.uk/digital-planning/proptech/funding,
63,2022-03-01,proptech-round-2,engagement,98000,local-authority:WND,,https://www.localdigital.gov.uk/digital-planning/proptech/funding,
64,2022-03-01,proptech-round-2,engagement,118250,local-authority:WOX,,https://www.localdigital.gov.uk/digital-planning/proptech/funding,
65,2022-03-01,proptech-round-2,engagement,92950,local-authority:WRL,,https://www.localdigital.gov.uk/digital-planning/proptech/funding,
66,2022-09-01,odp-top-up-1,software,2300000,local-authority:BUC,,,
67,2022-09-01,odp-top-up-1,software,2300000,local-authority:LBH,,,
68,2022-09-01,odp-top-up-1,software,250000,local-authority:SWK,,,
69,2022-12-01,proptech-top-up,engagement,44000,local-authority:BOS,,https://mhclgdigital.blog.gov.uk/2022/12/16/dluhc-continues-to-support-local-planning-authorities-to-scale-the-adoption-of-digital-citizen-engagement-tools/,
70,2022-12-01,proptech-top-up,engagement,100000,local-authority:CHS,local-authority:HNS,https://mhclgdigital.blog.gov.uk/2022/12/16/dluhc-continues-to-support-local-planning-authorities-to-scale-the-adoption-of-digital-citizen-engagement-tools/,
71,2022-12-01,proptech-top-up,engagement,230000,local-authority:COT,local-authority:WOX,https://mhclgdigital.blog.gov.uk/2022/12/16/dluhc-continues-to-support-local-planning-authorities-to-scale-the-adoption-of-digital-citizen-engagement-tools/,
72,2022-12-01,proptech-top-up,engagement,30000,local-authority:DAC,local-authority:SAL;local-authority:THE;local-authority:HER;local-authority:WAT;local-authority:HRT,https://mhclgdigital.blog.gov.uk/2022/12/16/dluhc-continues-to-support-local-planning-authorities-to-scale-the-adoption-of-digital-citizen-engagement-tools/,
73,2022-12-01,proptech-top-up,engagement,100000,local-authority:HAA,,https://mhclgdigital.blog.gov.uk/2022/12/16/dluhc-continues-to-support-local-planning-authorities-to-scale-the-adoption-of-digital-citizen-engagement-tools/,
74,2022-12-01,proptech-top-up,engagement,100000,local-authority:HNS,local-authority:CHS,https://mhclgdigital.blog.gov.uk/2022/12/16/dluhc-continues-to-support-local-planning-authorities-to-scale-the-adoption-of-digital-citizen-engagement-tools/,
75,2022-12-01,proptech-top-up,engagement,200000,local-authority:PLY,local-authority:SHA;local-authority:WDE,https://mhclgdigital.blog.gov.uk/2022/12/16/dluhc-continues-to-support-local-planning-authorities-to-scale-the-adoption-of-digital-citizen-engagement-tools/,
76,2022-12-01,proptech-top-up,engagement,100000,local-authority:STH,,https://mhclgdigital.blog.gov.uk/2022/12/16/dluhc-continues-to-support-local-planning-authorities-to-scale-the-adoption-of-digital-citizen-engagement-tools/,
77,2022-12-01,proptech-top-up,engagement,100000,local-authority:WND,local-authority:RIC,https://mhclgdigital.blog.gov.uk/2022/12/16/dluhc-continues-to-support-local-planning-authorities-to-scale-the-adoption-of-digital-citizen-engagement-tools/,
78,2023-01-01,odp-top-up-2,software,250000,local-authority:CMD,,,
79,2023-01-01,odp-top-up-2,software,320000,local-authority:DAC,,,
80,2023-01-01,odp-top-up-2,software,250000,local-authority:MDW,,,
81,2023-01-01,odp-top-up-2,software,386000,local-authority:NET,,,
82,2023-03-01,odp-software-improvement,software,400000,local-authority:BIR,,,
83,2023-03-01,odp-software-improvement,software,400000,local-authority:BNE,,,
84,2023-03-01,odp-software-improvement,software,400000,local-authority:CAT,,,
85,2023-03-01,odp-software-improvement,software,400000,local-authority:EPS,,,
86,2023-03-01,odp-software-improvement,integration,300000,local-authority:GAT,,,
87,2023-03-01,odp-software-improvement,integration,150000,local-authority:DOV,,,
88,2023-03-01,odp-software-improvement,integration,250000,local-authority:DST,,,
89,2023-03-01,odp-software-improvement,integration,250000,local-authority:GRY,,,
90,2023-03-01,odp-software-improvement,integration,300000,local-authority:KTT,,,
91,2023-03-01,odp-software-improvement,integration,105306,local-authority:LIV,,,
92,2023-03-01,odp-software-improvement,integration,250000,local-authority:NLN,,,
93,2023-03-01,odp-software-improvement,integration,248000,local-authority:NSM,,,
94,2023-03-01,odp-software-improvement,integration,225600,local-authority:RDB,,,
95,2023-03-01,odp-software-improvement,integration,300000,local-authority:SAL,,,
96,2023-03-01,odp-software-improvement,integration,250000,local-authority:SLF,,,
97,2023-03-01,odp-software-improvement,integration,300000,local-authority:TEW,,,
98,2023-03-01,odp-software-improvement,integration,353000,local-authority:WBK,,,
99,2023-03-01,odp-software-improvement,integration,250000,local-authority:WFT,,,
100,2023-03-01,odp-software-improvement,integration,136225,local-authority:WRL,,,
101,2023-03-01,proptech-round-3,engagement,250000,local-authority:BIR,,,
102,2023-03-01,proptech-round-3,engagement,238800,local-authority:BOS,,,
103,2023-03-01,proptech-round-3,engagement,365000,local-authority:CON,,,
104,2023-03-01,proptech-round-3,engagement,50000,local-authority:COT,local-authority:WOX,,
105,2023-03-01,proptech-round-3,engagement,325000,local-authority:DAC,,,
106,2023-03-01,proptech-round-3,engagement,295000,local-authority:EPP,,,
107,2023-03-01,proptech-round-3,engagement,250000,local-authority:EPS,,,
108,2023-03-01,proptech-round-3,engagement,30000,local-authority:HNS,,,
109,2023-03-01,proptech-round-3,engagement,375000,local-authority:NGM,local-authority:BRD,,
110,2023-03-01,proptech-round-3,engagement,100000,local-authority:NWM,,,
111,2023-03-01,proptech-round-3,engagement,290000,local-authority:SCA,,,
112,2023-03-01,proptech-round-3,engagement,180000,local-authority:STH,,,
113,2023-03-01,proptech-round-3,engagement,99000,local-authority:WFT,,,
114,2023-03-01,proptech-round-3,engagement,100000,local-authority:WND,local-authority:RIC,,
115,2023-03-01,proptech-round-3,engagement,325050,local-authority:WRL,,,
116,2023-12-01,odp-top-up-3,software,2000000,local-authority:BUC,,,
117,2023-12-01,odp-top-up-3,software,2000000,local-authority:CMD,,,
118,2023-12-01,odp-top-up-3,software,2200000,local-authority:LBH,,,
119,2024-01-01,odp-top-up-4,integration,40000,local-authority:DST,,,
120,2024-01-01,odp-top-up-4,integration,40000,local-authority:LIV,,,
121,2024-01-01,odp-top-up-4,integration,40000,local-authority:NLN,,,
122,2024-01-01,odp-top-up-4,integration,40000,local-authority:RDB,,,
123,2024-01-01,odp-top-up-4,integration,40000,local-authority:SLF,,,
124,2024-01-01,odp-top-up-4,integration,40000,local-authority:WFT,,,
125,2024-01-01,odp-top-up-4,integration,40000,local-authority:WRL,,,
126,2024-02-01,odp-round-2,improvement,100000,local-authority:ASF,,,
127,2024-02-01,odp-round-2,improvement,100000,local-authority:BAI,,,
128,2024-02-01,odp-round-2,improvement,100000,local-authority:BDG,,,
129,2024-02-01,odp-round-2,improvement,100000,local-authority:BOL,,,
130,2024-02-01,odp-round-2,improvement,100000,local-authority:BST,,,
131,2024-02-01,odp-round-2,improvement,100000,local-authority:CAS,,,
132,2024-02-01,odp-round-2,improvement,100000,local-authority:CBF,,,
133,2024-02-01,odp-round-2,improvement,100000,local-authority:CRY,,,
134,2024-02-01,odp-round-2,improvement,100000,local-authority:ECA,,,
135,2024-02-01,odp-round-2,improvement,100000,local-authority:EHA,,,
136,2024-02-01,odp-round-2,improvement,100000,local-authority:EHE,,,
137,2024-02-01,odp-round-2,improvement,100000,local-authority:ENF,,,
138,2024-02-01,odp-round-2,improvement,100000,local-authority:HNS,,,
139,2024-02-01,odp-round-2,improvement,100000,local-authority:HOR,,,
140,2024-02-01,odp-round-2,improvement,100000,local-authority:HRY,,,
141,2024-02-01,odp-round-2,improvement,100000,local-authority:KEC,,,
142,2024-02-01,odp-round-2,improvement,100000,local-authority:LCE,,,
143,2024-02-01,odp-round-2,improvement,100000,local-authority:LND,,,
144,2024-02-01,odp-round-2,improvement,100000,local-authority:MIK,,,
145,2024-02-01,odp-round-2,improvement,100000,local-authority:NBL,,,
146,2024-02-01,odp-round-2,improvement,100000,local-authority:NEW,,,
147,2024-02-01,odp-round-2,improvement,100000,local-authority:NYUA,,,
148,2024-02-01,odp-round-2,improvement,100000,local-authority:PLY,,,
149,2024-02-01,odp-round-2,improvement,100000,local-authority:PTE,,,
150,2024-02-01,odp-round-2,improvement,100000,local-authority:RCH,,,
151,2024-02-01,odp-round-2,improvement,100000,local-authority:ROH,,,
152,2024-02-01,odp-round-2,improvement,100000,local-authority:ROS,,,
153,2024-02-01,odp-round-2,improvement,100000,local-authority:SAW,,,
154,2024-02-01,odp-round-2,improvement,100000,local-authority:SCA,,,
155,2024-02-01,odp-round-2,improvement,100000,local-authority:SGC,,,
156,2024-02-01,odp-round-2,improvement,100000,local-authority:SNO,local-authority:BRO,,
157,2024-02-01,odp-round-2,improvement,100000,local-authority:SPE,,,
158,2024-02-01,odp-round-2,improvement,100000,local-authority:SST,,,
159,2024-02-01,odp-round-2,improvement,100000,local-authority:SUR,,,
160,2024-02-01,odp-round-2,improvement,100000,local-authority:TAN,,,
161,2024-02-01,odp-round-2,improvement,100000,local-authority:TEN,,,
162,2024-02-01,odp-round-2,improvement,100000,local-authority:TOB,,,
163,2024-02-01,odp-round-2,improvement,100000,local-authority:TRF,,,
164,2024-02-01,odp-round-2,improvement,100000,local-authority:TWH,,,
165,2024-02-01,odp-round-2,improvement,100000,local-authority:WAE,,,
166,2024-02-01,odp-round-2,improvement,100000,local-authority:WSM,,,
167,2024-02-01,odp-round-2,improvement,100000,local-authority:YOR,,,
168,2024-02-01,odp-round-2,improvement,100000,national-park-authority:Q72617158,,,
169,2024-02-01,proptech-round-4,innovation,85000,local-authority:BAI,,,
170,2024-02-01,proptech-round-4,innovation,206900,local-authority:BRD,local-authority:LDS,,
171,2024-02-01,proptech-round-4,innovation,85000,local-authority:CBF,,,
172,2024-02-01,proptech-round-4,innovation,224400,local-authority:CHW,local-authority:FOE,,
173,2024-02-01,proptech-round-4,innovation,85000,local-authority:CON,,,
174,2024-02-01,proptech-round-4,innovation,50000,local-authority:DAC,,,
175,2024-02-01,proptech-round-4,innovation,85000,local-authority:DUR,,,
176,2024-02-01,proptech-round-4,innovation,73152,local-authority:EHE,,,
177,2024-02-01,proptech-round-4,innovation,85000,local-authority:HNS,,,
178,2024-02-01,proptech-round-4,innovation,225000,local-authority:HRY,local-authority:BNE,,
179,2024-02-01,proptech-round-4,innovation,85000,local-authority:KEC,,,
180,2024-02-01,proptech-round-4,innovation,46875,local-authority:LAC,,,
181,2024-02-01,proptech-round-4,innovation,76400,local-authority:LBH,,,
182,2024-02-01,proptech-round-4,innovation,69000,local-authority:LEW,,,
183,2024-02-01,proptech-round-4,innovation,40000,local-authority:NDE,,,
184,2024-02-01,proptech-round-4,innovation,225000,local-authority:NED,local-authority:BAE;local-authority:CHS,,
185,2024-02-01,proptech-round-4,innovation,84720,local-authority:NET,,,
186,2024-02-01,proptech-round-4,innovation,222040,local-authority:NET,local-authority:GAT,,
187,2024-02-01,proptech-round-4,innovation,225000,local-authority:NKE,local-authority:LIN;local-authority:WLI,,
188,2024-02-01,proptech-round-4,innovation,80000,local-authority:NTY,,,
189,2024-02-01,proptech-round-4,innovation,225000,local-authority:PLY,local-authority:SHA;local-authority:WDE,,
190,2024-02-01,proptech-round-4,innovation,47000,local-authority:REI,,,
191,2024-02-01,proptech-round-4,innovation,225000,local-authority:SCA,local-authority:CAB,,
192,2024-02-01,proptech-round-4,innovation,150000,local-authority:SCA,local-authority:CAB,,
193,2024-02-01,proptech-round-4,innovation,225000,local-authority:SEV,local-authority:NGM,,
194,2024-02-01,proptech-round-4,innovation,77213,local-authority:SLF,,,
195,2024-02-01,proptech-round-4,innovation,85000,local-authority:SRY,,,
196,2024-02-01,proptech-round-4,innovation,66813,local-authority:STE,,,
197,2024-02-01,proptech-round-4,innovation,225000,local-authority:STH,local-authority:LND,,
198,2024-02-01,proptech-round-4,innovation,85000,local-authority:SUA,,,
199,2024-02-01,proptech-round-4,innovation,82750,local-authority:TAN,,,
200,2024-02-01,proptech-round-4,innovation,84610,local-authority:TEI,,,
201,2024-02-01,proptech-round-4,innovation,84250,local-authority:THA,,,
202,2024-02-01,proptech-round-4,innovation,85000,local-authority:TWH,,,
203,2024-02-01,proptech-round-4,innovation,85000,local-authority:WGN,,,
204,2024-02-01,proptech-round-4,innovation,95000,local-authority:WOX,,,
205,2024-02-01,proptech-round-4,innovation,83000,local-authority:WRL,,,
206,2025-02-28,odp-round-3,improvement,50000,local-authority:NWA,,,
207,2025-02-28,odp-round-3,improvement,50000,local-authority:EXE,,,
208,2025-02-28,odp-round-3,improvement,50000,local-authority:OXO,,,
209,2025-02-28,odp-round-3,improvement,50000,local-authority:ADU,,,
210,2025-02-28,odp-round-3,improvement,50000,local-authority:BAE,,,
211,2025-02-28,odp-round-3,improvement,50000,local-authority:MAI,,,
212,2025-02-28,odp-round-3,improvement,50000,local-authority:FOE,,,
213,2025-02-28,odp-round-3,improvement,50000,local-authority:STE,,,
214,2025-02-28,odp-round-3,improvement,50000,local-authority:ERY,,,
215,2025-02-28,odp-round-3,improvement,50000,local-authority:HUN,,,
216,2025-02-28,odp-round-3,improvement,50000,local-authority:TAM,,,
217,2025-02-28,odp-round-3,improvement,50000,local-authority:BUR,,,
218,2025-02-28,odp-round-3,improvement,50000,local-authority:OLD,,,
219,2025-02-28,odp-round-3,improvement,50000,local-authority:CLD,,,
220,2025-02-28,odp-round-3,improvement,50000,national-park-authority:Q27159704,,,
221,2025-02-28,odp-round-3,improvement,50000,local-authority:NTY,,,
222,2025-02-28,odp-round-3,improvement,50000,local-authority:UTT,,,
223,2025-02-28,odp-round-3,improvement,50000,local-authority:STH,,,
224,2025-02-28,odp-round-3,improvement,50000,local-authority:WOX,,,
225,2025-02-28,odp-round-3,improvement,50000,local-authority:COL,,,
226,2025-02-28,odp-round-3,improvement,50000,local-authority:HAA,,,
227,2025-02-28,odp-round-3,improvement,50000,local-authority:CRW,,,
228,2025-02-28,odp-round-3,improvement,50000,local-authority:BAN,,,
229,2025-02-28,odp-round-3,improvement,50000,local-authority:WOT,,,
230,2025-02-28,odp-round-3,improvement,50000,local-authority:CHT,,,
231,2025-02-28,odp-round-3,improvement,50000,local-authority:COV,,,
232,2025-02-28,odp-round-3,improvement,50000,local-authority:MAN,,,
233,2025-02-28,odp-round-3,improvement,50000,local-authority:HIL,,,
234,2025-02-28,odp-round-3,improvement,50000,local-authority:COT,,,
235,2025-02-28,odp-round-3,improvement,50000,local-authority:HAT,,,
236,2025-02-28,odp-round-3,improvement,50000,local-authority:NNO,,,
237,2025-02-28,odp-round-3,improvement,50000,local-authority:STA,,,
238,2025-02-28,odp-round-3,improvement,50000,local-authority:BNS,,,
239,2025-02-28,odp-round-3,improvement,50000,local-authority:CAN,,,
240,2025-02-28,odp-round-3,improvement,50000,local-authority:THA,,,
241,2025-02-28,odp-round-3,improvement,50000,local-authority:KHL,,,
242,2025-02-28,odp-round-3,improvement,50000,local-authority:STV,,,
243,2025-03-14,odp-round-3,improvement,50000,local-authority:HAL,,,
244,2025-03-14,odp-round-3,improvement,50000,local-authority:KWL,,,
245,2025-03-14,odp-round-3,improvement,50000,local-authority:LDS,,,
246,2025-03-14,odp-round-3,improvement,50000,local-authority:BRY,,,
247,2025-03-14,odp-round-3,improvement,50000,local-authority:SKP,,,
248,2025-03-14,odp-round-3,improvement,50000,local-authority:LEW,,,
249,2025-03-14,odp-round-3,improvement,50000,local-authority:SFT,,,
250,2025-03-14,odp-round-3,improvement,50000,local-authority:IPS,,,
251,2025-03-14,odp-round-3,improvement,50000,local-authority:WEA,,,
252,2025-02-28,odp-adoption-top-up,software,400000,local-authority:CMD,,,
253,2025-02-28,odp-adoption-top-up,software,400000,local-authority:BUC,,,
254,2025-02-28,odp-adoption-top-up,software,500000,local-authority:LBH,,,
255,2025-02-28,odp-adoption-top-up,software,260000,local-authority:SWK,,,
256,2025-02-28,odp-adoption-top-up,software,200000,local-authority:MDW,,,
257,2025-02-28,odp-adoption-top-up,software,250000,local-authority:DNC,,,
258,2025-02-28,odp-adoption-top-up,software,50000,local-authority:GLO,,,
259,2025-02-28,odp-adoption-top-up,software,200000,local-authority:BNE,,,
260,2025-02-28,odp-adoption-top-up,software,210000,local-authority:GAT,,,
260,2025-02-28,odp-adoption-top-up,software,250000,local-authority:NET,,,
260,2025-02-28,odp-adoption-top-up,software,150000,local-authority:TEW,,,
261,2025-02-28,odp-software-top-up,software,675000,local-authority:LBH,,,PlanX
262,2025-02-28,odp-software-top-up,software,950000,local-authority:BUC,,,BOPS
263,2025-02-28,odp-software-top-up,software,1000000,local-authority:CMD,,,Digital Planning Register
264,2025-02-28,odp-development-management-software,integration,225000,local-authority:RDB,,,Agile Applications/IEG4 + Planning Portal
265,2025-02-28,odp-development-management-software,integration,225000,local-authority:SLF,,,Arcus Global + Planning Portal
266,2025-02-28,odp-development-management-software,integration,225000,local-authority:DST,,,DEF + Planning Portal
267,2025-02-28,odp-development-management-software,integration,225000,local-authority:LDS,,,Idox + Planning Portal
268,2025-02-28,odp-development-management-software,integration,225000,local-authority:HNS,,,NEC + Planning Portal
269,2025-02-17,odp-strategic-project,integration,100000,local-authority:GMCA,,,Discovery/Alpha - monitoring and collaboration 
270,2025-02-17,odp-strategic-project,integration,200000,local-authority:GLA,,,Discovery/Alpha - monitoring and collaboration 
271,2025-02-17,odp-strategic-project,software,300000,local-authority:LBH,,,Building Control - improving the system
272,2025-02-17,odp-strategic-project,plan-making,300000,local-authority:LND,,,Digital local plan proof of concept
273,2025-02-28,proptech-round-5,innovation,186200,local-authority:PLY,local-authority:SHA;local-authority:WDE,,Land assessment
274,2025-02-28,proptech-round-5,innovation,101500,local-authority:WOX,local-authority:NGM;local-authority:COT,,Viability and feasibility
275,2025-02-28,proptech-round-5,innovation,200000,local-authority:SCA,local-authority:CAB,,Land assessment
276,2025-02-28,proptech-round-5,innovation,240000,local-authority:NED,local-authority:BAE;local-authority:CHS,,Land assessment
277,2025-02-28,proptech-round-5,innovation,238137,local-authority:NET,local-authority:GAT,,Viability and feasibility
278,2025-02-28,proptech-round-5,innovation,100000,local-authority:CBF,,,Viability and feasibility
279,2025-02-28,proptech-round-5,innovation,146800,local-authority:BAI,,,Land and site assessment
280,2025-02-28,proptech-round-5,innovation,210000,local-authority:NKE,local-authority:LIC;local-authority:WLI,,Visualisation
281,2025-02-28,proptech-round-5,innovation,65250,local-authority:DAC,,,Viability and feasibility
282,2025-02-28,proptech-round-5,innovation,230000,local-authority:BRD,local-authority:NGM,,Visualisation
283,2025-02-28,proptech-round-5,innovation,95000,local-authority:TAN,,,Viability and feasibility
284,2025-02-28,proptech-round-5,innovation,100000,local-authority:EHE,,,Land and site assessment
285,2025-02-27,green-belt-reviews,plan-making,70000,local-authority:AMB,,https://www.gov.uk/government/publications/funding-to-support-local-authorities-with-the-costs-of-local-plan-delivery-and-green-belt-reviews-successful-local-authorities/funding-to-support-local-authorities-with-the-costs-of-green-belt-reviews-successful-local-authorities,
286,2025-02-27,green-belt-reviews,plan-making,70000,local-authority:BNS,,https://www.gov.uk/government/publications/funding-to-support-local-authorities-with-the-costs-of-local-plan-delivery-and-green-belt-reviews-successful-local-authorities/funding-to-support-local-authorities-with-the-costs-of-green-belt-reviews-successful-local-authorities,
287,2025-02-27,green-belt-reviews,plan-making,70000,local-authority:BAI,,https://www.gov.uk/government/publications/funding-to-support-local-authorities-with-the-costs-of-local-plan-delivery-and-green-belt-reviews-successful-local-authorities/funding-to-support-local-authorities-with-the-costs-of-green-belt-reviews-successful-local-authorities,
288,2025-02-27,green-belt-reviews,plan-making,350000,local-authority:BAS,local-authority:SGC;local-authority:NSM;local-authority:BST;local-authority:SUA,https://www.gov.uk/government/publications/funding-to-support-local-authorities-with-the-costs-of-local-plan-delivery-and-green-belt-reviews-successful-local-authorities/funding-to-support-local-authorities-with-the-costs-of-green-belt-reviews-successful-local-authorities,
289,2025-02-27,green-belt-reviews,plan-making,70000,local-authority:BEX,,https://www.gov.uk/government/publications/funding-to-support-local-authorities-with-the-costs-of-local-plan-delivery-and-green-belt-reviews-successful-local-authorities/funding-to-support-local-authorities-with-the-costs-of-green-belt-reviews-successful-local-authorities,
290,2025-02-27,green-belt-reviews,plan-making,70000,local-authority:BIR,,https://www.gov.uk/government/publications/funding-to-support-local-authorities-with-the-costs-of-local-plan-delivery-and-green-belt-reviews-successful-local-authorities/funding-to-support-local-authorities-with-the-costs-of-green-belt-reviews-successful-local-authorities,
291,2025-02-27,green-belt-reviews,plan-making,70000,local-authority:BPL,,https://www.gov.uk/government/publications/funding-to-support-local-authorities-with-the-costs-of-local-plan-delivery-and-green-belt-reviews-successful-local-authorities/funding-to-support-local-authorities-with-the-costs-of-green-belt-reviews-successful-local-authorities,
292,2025-02-27,green-belt-reviews,plan-making,70000,local-authority:BOL,,https://www.gov.uk/government/publications/funding-to-support-local-authorities-with-the-costs-of-local-plan-delivery-and-green-belt-reviews-successful-local-authorities/funding-to-support-local-authorities-with-the-costs-of-green-belt-reviews-successful-local-authorities,
293,2025-02-27,green-belt-reviews,plan-making,70000,local-authority:BRW,,https://www.gov.uk/government/publications/funding-to-support-local-authorities-with-the-costs-of-local-plan-delivery-and-green-belt-reviews-successful-local-authorities/funding-to-support-local-authorities-with-the-costs-of-green-belt-reviews-successful-local-authorities,
294,2025-02-27,green-belt-reviews,plan-making,70000,local-authority:BRY,,https://www.gov.uk/government/publications/funding-to-support-local-authorities-with-the-costs-of-local-plan-delivery-and-green-belt-reviews-successful-local-authorities/funding-to-support-local-authorities-with-the-costs-of-green-belt-reviews-successful-local-authorities,
295,2025-02-27,green-belt-reviews,plan-making,70000,local-authority:BRM,,https://www.gov.uk/government/publications/funding-to-support-local-authorities-with-the-costs-of-local-plan-delivery-and-green-belt-reviews-successful-local-authorities/funding-to-support-local-authorities-with-the-costs-of-green-belt-reviews-successful-local-authorities,
296,2025-02-27,green-belt-reviews,plan-making,70000,local-authority:BRT,,https://www.gov.uk/government/publications/funding-to-support-local-authorities-with-the-costs-of-local-plan-delivery-and-green-belt-reviews-successful-local-authorities/funding-to-support-local-authorities-with-the-costs-of-green-belt-reviews-successful-local-authorities,
297,2025-02-27,green-belt-reviews,plan-making,70000,local-authority:BKM,,https://www.gov.uk/government/publications/funding-to-support-local-authorities-with-the-costs-of-local-plan-delivery-and-green-belt-reviews-successful-local-authorities/funding-to-support-local-authorities-with-the-costs-of-green-belt-reviews-successful-local-authorities,
298,2025-02-27,green-belt-reviews,plan-making,70000,local-authority:BUN,,https://www.gov.uk/government/publications/funding-to-support-local-authorities-with-the-costs-of-local-plan-delivery-and-green-belt-reviews-successful-local-authorities/funding-to-support-local-authorities-with-the-costs-of-green-belt-reviews-successful-local-authorities,
299,2025-02-27,green-belt-reviews,plan-making,70000,local-authority:CLD,,https://www.gov.uk/government/publications/funding-to-support-local-authorities-with-the-costs-of-local-plan-delivery-and-green-belt-reviews-successful-local-authorities/funding-to-support-local-authorities-with-the-costs-of-green-belt-reviews-successful-local-authorities,
300,2025-02-27,green-belt-reviews,plan-making,70000,local-authority:CAN,,https://www.gov.uk/government/publications/funding-to-support-local-authorities-with-the-costs-of-local-plan-delivery-and-green-belt-reviews-successful-local-authorities/funding-to-support-local-authorities-with-the-costs-of-green-belt-reviews-successful-local-authorities,
301,2025-02-27,green-belt-reviews,plan-making,70000,local-authority:CAS,,https://www.gov.uk/government/publications/funding-to-support-local-authorities-with-the-costs-of-local-plan-delivery-and-green-belt-reviews-successful-local-authorities/funding-to-support-local-authorities-with-the-costs-of-green-belt-reviews-successful-local-authorities,
302,2025-02-27,green-belt-reviews,plan-making,70000,local-authority:CBF,,https://www.gov.uk/government/publications/funding-to-support-local-authorities-with-the-costs-of-local-plan-delivery-and-green-belt-reviews-successful-local-authorities/funding-to-support-local-authorities-with-the-costs-of-green-belt-reviews-successful-local-authorities,
303,2025-02-27,green-belt-reviews,plan-making,70000,local-authority:CHE,,https://www.gov.uk/government/publications/funding-to-support-local-authorities-with-the-costs-of-local-plan-delivery-and-green-belt-reviews-successful-local-authorities/funding-to-support-local-authorities-with-the-costs-of-green-belt-reviews-successful-local-authorities,
304,2025-02-27,green-belt-reviews,plan-making,70000,local-authority:CHW,,https://www.gov.uk/government/publications/funding-to-support-local-authorities-with-the-costs-of-local-plan-delivery-and-green-belt-reviews-successful-local-authorities/funding-to-support-local-authorities-with-the-costs-of-green-belt-reviews-successful-local-authorities,
305,2025-02-27,green-belt-reviews,plan-making,70000,local-authority:CHS,,https://www.gov.uk/government/publications/funding-to-support-local-authorities-with-the-costs-of-local-plan-delivery-and-green-belt-reviews-successful-local-authorities/funding-to-support-local-authorities-with-the-costs-of-green-belt-reviews-successful-local-authorities,
306,2025-02-27,green-belt-reviews,plan-making,70000,local-authority:BRD,,https://www.gov.uk/government/publications/funding-to-support-local-authorities-with-the-costs-of-local-plan-delivery-and-green-belt-reviews-successful-local-authorities/funding-to-support-local-authorities-with-the-costs-of-green-belt-reviews-successful-local-authorities,
307,2025-02-27,green-belt-reviews,plan-making,70000,local-authority:YOR,,https://www.gov.uk/government/publications/funding-to-support-local-authorities-with-the-costs-of-local-plan-delivery-and-green-belt-reviews-successful-local-authorities/funding-to-support-local-authorities-with-the-costs-of-green-belt-reviews-successful-local-authorities,
308,2025-02-27,green-belt-reviews,plan-making,70000,local-authority:DAC,local-authority:SAL;local-authority:WAT,https://www.gov.uk/government/publications/funding-to-support-local-authorities-with-the-costs-of-local-plan-delivery-and-green-belt-reviews-successful-local-authorities/funding-to-support-local-authorities-with-the-costs-of-green-belt-reviews-successful-local-authorities,
309,2025-02-27,green-belt-reviews,plan-making,70000,local-authority:DER,,https://www.gov.uk/government/publications/funding-to-support-local-authorities-with-the-costs-of-local-plan-delivery-and-green-belt-reviews-successful-local-authorities/funding-to-support-local-authorities-with-the-costs-of-green-belt-reviews-successful-local-authorities,
310,2025-02-27,green-belt-reviews,plan-making,140000,local-authority:DST,local-authority:BPC,https://www.gov.uk/government/publications/funding-to-support-local-authorities-with-the-costs-of-local-plan-delivery-and-green-belt-reviews-successful-local-authorities/funding-to-support-local-authorities-with-the-costs-of-green-belt-reviews-successful-local-authorities,
311,2025-02-27,green-belt-reviews,plan-making,70000,local-authority:DUD,,https://www.gov.uk/government/publications/funding-to-support-local-authorities-with-the-costs-of-local-plan-delivery-and-green-belt-reviews-successful-local-authorities/funding-to-support-local-authorities-with-the-costs-of-green-belt-reviews-successful-local-authorities,
312,2025-02-27,green-belt-reviews,plan-making,70000,local-authority:DUR,,https://www.gov.uk/government/publications/funding-to-support-local-authorities-with-the-costs-of-local-plan-delivery-and-green-belt-reviews-successful-local-authorities/funding-to-support-local-authorities-with-the-costs-of-green-belt-reviews-successful-local-authorities,
313,2025-02-27,green-belt-reviews,plan-making,210000,local-authority:NHE,,https://www.gov.uk/government/publications/funding-to-support-local-authorities-with-the-costs-of-local-plan-delivery-and-green-belt-reviews-successful-local-authorities/funding-to-support-local-authorities-with-the-costs-of-green-belt-reviews-successful-local-authorities,
314,2025-02-27,green-belt-reviews,plan-making,210000,local-authority:ELM,local-authority:SPE;local-authority:RUN,https://www.gov.uk/government/publications/funding-to-support-local-authorities-with-the-costs-of-local-plan-delivery-and-green-belt-reviews-successful-local-authorities/funding-to-support-local-authorities-with-the-costs-of-green-belt-reviews-successful-local-authorities,
315,2025-02-27,green-belt-reviews,plan-making,70000,local-authority:ENF,,https://www.gov.uk/government/publications/funding-to-support-local-authorities-with-the-costs-of-local-plan-delivery-and-green-belt-reviews-successful-local-authorities/funding-to-support-local-authorities-with-the-costs-of-green-belt-reviews-successful-local-authorities,
316,2025-02-27,green-belt-reviews,plan-making,140000,local-authority:EPP,local-authority:HAR,https://www.gov.uk/government/publications/funding-to-support-local-authorities-with-the-costs-of-local-plan-delivery-and-green-belt-reviews-successful-local-authorities/funding-to-support-local-authorities-with-the-costs-of-green-belt-reviews-successful-local-authorities,
317,2025-02-27,green-belt-reviews,plan-making,70000,local-authority:EPS,,https://www.gov.uk/government/publications/funding-to-support-local-authorities-with-the-costs-of-local-plan-delivery-and-green-belt-reviews-successful-local-authorities/funding-to-support-local-authorities-with-the-costs-of-green-belt-reviews-successful-local-authorities,
318,2025-02-27,green-belt-reviews,plan-making,70000,local-authority:GED,,https://www.gov.uk/government/publications/funding-to-support-local-authorities-with-the-costs-of-local-plan-delivery-and-green-belt-reviews-successful-local-authorities/funding-to-support-local-authorities-with-the-costs-of-green-belt-reviews-successful-local-authorities,
319,2025-02-27,green-belt-reviews,plan-making,140000,local-authority:GRA,local-authority:MDW,https://www.gov.uk/government/publications/funding-to-support-local-authorities-with-the-costs-of-local-plan-delivery-and-green-belt-reviews-successful-local-authorities/funding-to-support-local-authorities-with-the-costs-of-green-belt-reviews-successful-local-authorities,
320,2025-02-27,green-belt-reviews,plan-making,770000,local-authority:GLA,local-authority:RIC;local-authority:BDG;local-authority:WFT;local-authority:RDB;local-authority:HRY;local-authority:HNS;local-authority:BNE;local-authority:EAL;local-authority:HRW;local-authority:NWM;local-authority:STN,https://www.gov.uk/government/publications/funding-to-support-local-authorities-with-the-costs-of-local-plan-delivery-and-green-belt-reviews-successful-local-authorities/funding-to-support-local-authorities-with-the-costs-of-green-belt-reviews-successful-local-authorities,
321,2025-02-27,green-belt-reviews,plan-making,70000,local-authority:GRT,,https://www.gov.uk/government/publications/funding-to-support-local-authorities-with-the-costs-of-local-plan-delivery-and-green-belt-reviews-successful-local-authorities/funding-to-support-local-authorities-with-the-costs-of-green-belt-reviews-successful-local-authorities,
322,2025-02-27,green-belt-reviews,plan-making,70000,local-authority:HAV,,https://www.gov.uk/government/publications/funding-to-support-local-authorities-with-the-costs-of-local-plan-delivery-and-green-belt-reviews-successful-local-authorities/funding-to-support-local-authorities-with-the-costs-of-green-belt-reviews-successful-local-authorities,
323,2025-02-27,green-belt-reviews,plan-making,70000,local-authority:HER,,https://www.gov.uk/government/publications/funding-to-support-local-authorities-with-the-costs-of-local-plan-delivery-and-green-belt-reviews-successful-local-authorities/funding-to-support-local-authorities-with-the-costs-of-green-belt-reviews-successful-local-authorities,
324,2025-02-27,green-belt-reviews,plan-making,70000,local-authority:HIG,,https://www.gov.uk/government/publications/funding-to-support-local-authorities-with-the-costs-of-local-plan-delivery-and-green-belt-reviews-successful-local-authorities/funding-to-support-local-authorities-with-the-costs-of-green-belt-reviews-successful-local-authorities,
325,2025-02-27,green-belt-reviews,plan-making,70000,local-authority:HIL,,https://www.gov.uk/government/publications/funding-to-support-local-authorities-with-the-costs-of-local-plan-delivery-and-green-belt-reviews-successful-local-authorities/funding-to-support-local-authorities-with-the-costs-of-green-belt-reviews-successful-local-authorities,
326,2025-02-27,green-belt-reviews,plan-making,70000,local-authority:KTT,,https://www.gov.uk/government/publications/funding-to-support-local-authorities-with-the-costs-of-local-plan-delivery-and-green-belt-reviews-successful-local-authorities/funding-to-support-local-authorities-with-the-costs-of-green-belt-reviews-successful-local-authorities,
327,2025-02-27,green-belt-reviews,plan-making,70000,local-authority:KIR,,https://www.gov.uk/government/publications/funding-to-support-local-authorities-with-the-costs-of-local-plan-delivery-and-green-belt-reviews-successful-local-authorities/funding-to-support-local-authorities-with-the-costs-of-green-belt-reviews-successful-local-authorities,
328,2025-02-27,green-belt-reviews,plan-making,70000,local-authority:LAC,,https://www.gov.uk/government/publications/funding-to-support-local-authorities-with-the-costs-of-local-plan-delivery-and-green-belt-reviews-successful-local-authorities/funding-to-support-local-authorities-with-the-costs-of-green-belt-reviews-successful-local-authorities,
329,2025-02-27,green-belt-reviews,plan-making,70000,local-authority:LDS,,https://www.gov.uk/government/publications/funding-to-support-local-authorities-with-the-costs-of-local-plan-delivery-and-green-belt-reviews-successful-local-authorities/funding-to-support-local-authorities-with-the-costs-of-green-belt-reviews-successful-local-authorities,
330,2025-02-27,green-belt-reviews,plan-making,70000,local-authority:LIF,,https://www.gov.uk/government/publications/funding-to-support-local-authorities-with-the-costs-of-local-plan-delivery-and-green-belt-reviews-successful-local-authorities/funding-to-support-local-authorities-with-the-costs-of-green-belt-reviews-successful-local-authorities,
331,2025-02-27,green-belt-reviews,plan-making,420000,local-authority:LCR,local-authority:SHN;local-authority:LIV;local-authority:KWL;local-authority:HAL;local-authority:SFT,https://www.gov.uk/government/publications/funding-to-support-local-authorities-with-the-costs-of-local-plan-delivery-and-green-belt-reviews-successful-local-authorities/funding-to-support-local-authorities-with-the-costs-of-green-belt-reviews-successful-local-authorities,
332,2025-02-27,green-belt-reviews,plan-making,70000,local-authority:LUT,,https://www.gov.uk/government/publications/funding-to-support-local-authorities-with-the-costs-of-local-plan-delivery-and-green-belt-reviews-successful-local-authorities/funding-to-support-local-authorities-with-the-costs-of-green-belt-reviews-successful-local-authorities,
333,2025-02-27,green-belt-reviews,plan-making,70000,local-authority:NEW,,https://www.gov.uk/government/publications/funding-to-support-local-authorities-with-the-costs-of-local-plan-delivery-and-green-belt-reviews-successful-local-authorities/funding-to-support-local-authorities-with-the-costs-of-green-belt-reviews-successful-local-authorities,
334,2025-02-27,green-belt-reviews,plan-making,140000,local-authority:NET,local-authority:GAT,https://www.gov.uk/government/publications/funding-to-support-local-authorities-with-the-costs-of-local-plan-delivery-and-green-belt-reviews-successful-local-authorities/funding-to-support-local-authorities-with-the-costs-of-green-belt-reviews-successful-local-authorities,
335,2025-02-27,green-belt-reviews,plan-making,70000,local-authority:NEC,,https://www.gov.uk/government/publications/funding-to-support-local-authorities-with-the-costs-of-local-plan-delivery-and-green-belt-reviews-successful-local-authorities/funding-to-support-local-authorities-with-the-costs-of-green-belt-reviews-successful-local-authorities,
336,2025-02-27,green-belt-reviews,plan-making,70000,local-authority:NED,,https://www.gov.uk/government/publications/funding-to-support-local-authorities-with-the-costs-of-local-plan-delivery-and-green-belt-reviews-successful-local-authorities/funding-to-support-local-authorities-with-the-costs-of-green-belt-reviews-successful-local-authorities,
337,2025-02-27,green-belt-reviews,plan-making,70000,local-authority:NHE,,https://www.gov.uk/government/publications/funding-to-support-local-authorities-with-the-costs-of-local-plan-delivery-and-green-belt-reviews-successful-local-authorities/funding-to-support-local-authorities-with-the-costs-of-green-belt-reviews-successful-local-authorities,
338,2025-02-27,green-belt-reviews,plan-making,70000,local-authority:NTY,,https://www.gov.uk/government/publications/funding-to-support-local-authorities-with-the-costs-of-local-plan-delivery-and-green-belt-reviews-successful-local-authorities/funding-to-support-local-authorities-with-the-costs-of-green-belt-reviews-successful-local-authorities,
339,2025-02-27,green-belt-reviews,plan-making,70000,local-authority:NYK,,https://www.gov.uk/government/publications/funding-to-support-local-authorities-with-the-costs-of-local-plan-delivery-and-green-belt-reviews-successful-local-authorities/funding-to-support-local-authorities-with-the-costs-of-green-belt-reviews-successful-local-authorities,
340,2025-02-27,green-belt-reviews,plan-making,70000,local-authority:NBL,,https://www.gov.uk/government/publications/funding-to-support-local-authorities-with-the-costs-of-local-plan-delivery-and-green-belt-reviews-successful-local-authorities/funding-to-support-local-authorities-with-the-costs-of-green-belt-reviews-successful-local-authorities,
341,2025-02-27,green-belt-reviews,plan-making,70000,local-authority:NGM,,https://www.gov.uk/government/publications/funding-to-support-local-authorities-with-the-costs-of-local-plan-delivery-and-green-belt-reviews-successful-local-authorities/funding-to-support-local-authorities-with-the-costs-of-green-belt-reviews-successful-local-authorities,
342,2025-02-27,green-belt-reviews,plan-making,70000,local-authority:NUN,,https://www.gov.uk/government/publications/funding-to-support-local-authorities-with-the-costs-of-local-plan-delivery-and-green-belt-reviews-successful-local-authorities/funding-to-support-local-authorities-with-the-costs-of-green-belt-reviews-successful-local-authorities,
343,2025-02-27,green-belt-reviews,plan-making,70000,local-authority:OLD,,https://www.gov.uk/government/publications/funding-to-support-local-authorities-with-the-costs-of-local-plan-delivery-and-green-belt-reviews-successful-local-authorities/funding-to-support-local-authorities-with-the-costs-of-green-belt-reviews-successful-local-authorities,
344,2025-02-27,green-belt-reviews,plan-making,70000,local-authority:PEN,,https://www.gov.uk/government/publications/funding-to-support-local-authorities-with-the-costs-of-local-plan-delivery-and-green-belt-reviews-successful-local-authorities/funding-to-support-local-authorities-with-the-costs-of-green-belt-reviews-successful-local-authorities,
345,2025-02-27,green-belt-reviews,plan-making,70000,local-authority:RED,,https://www.gov.uk/government/publications/funding-to-support-local-authorities-with-the-costs-of-local-plan-delivery-and-green-belt-reviews-successful-local-authorities/funding-to-support-local-authorities-with-the-costs-of-green-belt-reviews-successful-local-authorities,
346,2025-02-27,green-belt-reviews,plan-making,70000,local-authority:REI,,https://www.gov.uk/government/publications/funding-to-support-local-authorities-with-the-costs-of-local-plan-delivery-and-green-belt-reviews-successful-local-authorities/funding-to-support-local-authorities-with-the-costs-of-green-belt-reviews-successful-local-authorities,
347,2025-02-27,green-belt-reviews,plan-making,70000,local-authority:ROC,,https://www.gov.uk/government/publications/funding-to-support-local-authorities-with-the-costs-of-local-plan-delivery-and-green-belt-reviews-successful-local-authorities/funding-to-support-local-authorities-with-the-costs-of-green-belt-reviews-successful-local-authorities,
348,2025-02-27,green-belt-reviews,plan-making,70000,local-authority:ROS,,https://www.gov.uk/government/publications/funding-to-support-local-authorities-with-the-costs-of-local-plan-delivery-and-green-belt-reviews-successful-local-authorities/funding-to-support-local-authorities-with-the-costs-of-green-belt-reviews-successful-local-authorities,
349,2025-02-27,green-belt-reviews,plan-making,70000,local-authority:ROT,,https://www.gov.uk/government/publications/funding-to-support-local-authorities-with-the-costs-of-local-plan-delivery-and-green-belt-reviews-successful-local-authorities/funding-to-support-local-authorities-with-the-costs-of-green-belt-reviews-successful-local-authorities,
350,2025-02-27,green-belt-reviews,plan-making,70000,local-authority:RUG,,https://www.gov.uk/government/publications/funding-to-support-local-authorities-with-the-costs-of-local-plan-delivery-and-green-belt-reviews-successful-local-authorities/funding-to-support-local-authorities-with-the-costs-of-green-belt-reviews-successful-local-authorities,
351,2025-02-27,green-belt-reviews,plan-making,70000,local-authority:RUS,,https://www.gov.uk/government/publications/funding-to-support-local-authorities-with-the-costs-of-local-plan-delivery-and-green-belt-reviews-successful-local-authorities/funding-to-support-local-authorities-with-the-costs-of-green-belt-reviews-successful-local-authorities,
352,2025-02-27,green-belt-reviews,plan-making,70000,local-authority:SLF,,https://www.gov.uk/government/publications/funding-to-support-local-authorities-with-the-costs-of-local-plan-delivery-and-green-belt-reviews-successful-local-authorities/funding-to-support-local-authorities-with-the-costs-of-green-belt-reviews-successful-local-authorities,
353,2025-02-27,green-belt-reviews,plan-making,70000,local-authority:SAW,,https://www.gov.uk/government/publications/funding-to-support-local-authorities-with-the-costs-of-local-plan-delivery-and-green-belt-reviews-successful-local-authorities/funding-to-support-local-authorities-with-the-costs-of-green-belt-reviews-successful-local-authorities,
354,2025-02-27,green-belt-reviews,plan-making,70000,local-authority:SEV,,https://www.gov.uk/government/publications/funding-to-support-local-authorities-with-the-costs-of-local-plan-delivery-and-green-belt-reviews-successful-local-authorities/funding-to-support-local-authorities-with-the-costs-of-green-belt-reviews-successful-local-authorities,
355,2025-02-27,green-belt-reviews,plan-making,70000,local-authority:SHR,,https://www.gov.uk/government/publications/funding-to-support-local-authorities-with-the-costs-of-local-plan-delivery-and-green-belt-reviews-successful-local-authorities/funding-to-support-local-authorities-with-the-costs-of-green-belt-reviews-successful-local-authorities,
356,2025-02-27,green-belt-reviews,plan-making,70000,local-authority:SOL,,https://www.gov.uk/government/publications/funding-to-support-local-authorities-with-the-costs-of-local-plan-delivery-and-green-belt-reviews-successful-local-authorities/funding-to-support-local-authorities-with-the-costs-of-green-belt-reviews-successful-local-authorities,
357,2025-02-27,green-belt-reviews,plan-making,140000,local-authority:SCA,local-authority:CAB,https://www.gov.uk/government/publications/funding-to-support-local-authorities-with-the-costs-of-local-plan-delivery-and-green-belt-reviews-successful-local-authorities/funding-to-support-local-authorities-with-the-costs-of-green-belt-reviews-successful-local-authorities,
358,2025-02-27,green-belt-reviews,plan-making,70000,local-authority:SST,,https://www.gov.uk/government/publications/funding-to-support-local-authorities-with-the-costs-of-local-plan-delivery-and-green-belt-reviews-successful-local-authorities/funding-to-support-local-authorities-with-the-costs-of-green-belt-reviews-successful-local-authorities,
359,2025-02-27,green-belt-reviews,plan-making,70000,local-authority:STY,,https://www.gov.uk/government/publications/funding-to-support-local-authorities-with-the-costs-of-local-plan-delivery-and-green-belt-reviews-successful-local-authorities/funding-to-support-local-authorities-with-the-costs-of-green-belt-reviews-successful-local-authorities,
360,2025-02-27,green-belt-reviews,plan-making,70000,local-authority:SOS,,https://www.gov.uk/government/publications/funding-to-support-local-authorities-with-the-costs-of-local-plan-delivery-and-green-belt-reviews-successful-local-authorities/funding-to-support-local-authorities-with-the-costs-of-green-belt-reviews-successful-local-authorities,
361,2025-02-27,green-belt-reviews,plan-making,70000,local-authority:STF,,https://www.gov.uk/government/publications/funding-to-support-local-authorities-with-the-costs-of-local-plan-delivery-and-green-belt-reviews-successful-local-authorities/funding-to-support-local-authorities-with-the-costs-of-green-belt-reviews-successful-local-authorities,
362,2025-02-27,green-belt-reviews,plan-making,70000,local-authority:SKP,,https://www.gov.uk/government/publications/funding-to-support-local-authorities-with-the-costs-of-local-plan-delivery-and-green-belt-reviews-successful-local-authorities/funding-to-support-local-authorities-with-the-costs-of-green-belt-reviews-successful-local-authorities,
363,2025-02-27,green-belt-reviews,plan-making,70000,local-authority:STE,,https://www.gov.uk/government/publications/funding-to-support-local-authorities-with-the-costs-of-local-plan-delivery-and-green-belt-reviews-successful-local-authorities/funding-to-support-local-authorities-with-the-costs-of-green-belt-reviews-successful-local-authorities,
364,2025-02-27,green-belt-reviews,plan-making,70000,local-authority:STR,,https://www.gov.uk/government/publications/funding-to-support-local-authorities-with-the-costs-of-local-plan-delivery-and-green-belt-reviews-successful-local-authorities/funding-to-support-local-authorities-with-the-costs-of-green-belt-reviews-successful-local-authorities,
365,2025-02-27,green-belt-reviews,plan-making,70000,local-authority:SND,,https://www.gov.uk/government/publications/funding-to-support-local-authorities-with-the-costs-of-local-plan-delivery-and-green-belt-reviews-successful-local-authorities/funding-to-support-local-authorities-with-the-costs-of-green-belt-reviews-successful-local-authorities,
366,2025-02-27,green-belt-reviews,plan-making,70000,local-authority:SRY,,https://www.gov.uk/government/publications/funding-to-support-local-authorities-with-the-costs-of-local-plan-delivery-and-green-belt-reviews-successful-local-authorities/funding-to-support-local-authorities-with-the-costs-of-green-belt-reviews-successful-local-authorities,
367,2025-02-27,green-belt-reviews,plan-making,70000,local-authority:SUR,,https://www.gov.uk/government/publications/funding-to-support-local-authorities-with-the-costs-of-local-plan-delivery-and-green-belt-reviews-successful-local-authorities/funding-to-support-local-authorities-with-the-costs-of-green-belt-reviews-successful-local-authorities,
368,2025-02-27,green-belt-reviews,plan-making,70000,local-authority:TAW,,https://www.gov.uk/government/publications/funding-to-support-local-authorities-with-the-costs-of-local-plan-delivery-and-green-belt-reviews-successful-local-authorities/funding-to-support-local-authorities-with-the-costs-of-green-belt-reviews-successful-local-authorities,
369,2025-02-27,green-belt-reviews,plan-making,70000,local-authority:TAN,,https://www.gov.uk/government/publications/funding-to-support-local-authorities-with-the-costs-of-local-plan-delivery-and-green-belt-reviews-successful-local-authorities/funding-to-support-local-authorities-with-the-costs-of-green-belt-reviews-successful-local-authorities,
370,2025-02-27,green-belt-reviews,plan-making,210000,local-authority:TEW,local-authority:CHT;local-authority:COT,https://www.gov.uk/government/publications/funding-to-support-local-authorities-with-the-costs-of-local-plan-delivery-and-green-belt-reviews-successful-local-authorities/funding-to-support-local-authorities-with-the-costs-of-green-belt-reviews-successful-local-authorities,
371,2025-02-27,green-belt-reviews,plan-making,70000,local-authority:THE,,https://www.gov.uk/government/publications/funding-to-support-local-authorities-with-the-costs-of-local-plan-delivery-and-green-belt-reviews-successful-local-authorities/funding-to-support-local-authorities-with-the-costs-of-green-belt-reviews-successful-local-authorities,
372,2025-02-27,green-belt-reviews,plan-making,70000,local-authority:THR,,https://www.gov.uk/government/publications/funding-to-support-local-authorities-with-the-costs-of-local-plan-delivery-and-green-belt-reviews-successful-local-authorities/funding-to-support-local-authorities-with-the-costs-of-green-belt-reviews-successful-local-authorities,
373,2025-02-27,green-belt-reviews,plan-making,70000,local-authority:TON,,https://www.gov.uk/government/publications/funding-to-support-local-authorities-with-the-costs-of-local-plan-delivery-and-green-belt-reviews-successful-local-authorities/funding-to-support-local-authorities-with-the-costs-of-green-belt-reviews-successful-local-authorities,
374,2025-02-27,green-belt-reviews,plan-making,70000,local-authority:TUN,,https://www.gov.uk/government/publications/funding-to-support-local-authorities-with-the-costs-of-local-plan-delivery-and-green-belt-reviews-successful-local-authorities/funding-to-support-local-authorities-with-the-costs-of-green-belt-reviews-successful-local-authorities,
375,2025-02-27,green-belt-reviews,plan-making,70000,local-authority:WLL,,https://www.gov.uk/government/publications/funding-to-support-local-authorities-with-the-costs-of-local-plan-delivery-and-green-belt-reviews-successful-local-authorities/funding-to-support-local-authorities-with-the-costs-of-green-belt-reviews-successful-local-authorities,
376,2025-02-27,green-belt-reviews,plan-making,70000,local-authority:WRT,,https://www.gov.uk/government/publications/funding-to-support-local-authorities-with-the-costs-of-local-plan-delivery-and-green-belt-reviews-successful-local-authorities/funding-to-support-local-authorities-with-the-costs-of-green-belt-reviews-successful-local-authorities,
377,2025-02-27,green-belt-reviews,plan-making,70000,local-authority:WAW,,https://www.gov.uk/government/publications/funding-to-support-local-authorities-with-the-costs-of-local-plan-delivery-and-green-belt-reviews-successful-local-authorities/funding-to-support-local-authorities-with-the-costs-of-green-belt-reviews-successful-local-authorities,
378,2025-02-27,green-belt-reviews,plan-making,70000,local-authority:WAE,,https://www.gov.uk/government/publications/funding-to-support-local-authorities-with-the-costs-of-local-plan-delivery-and-green-belt-reviews-successful-local-authorities/funding-to-support-local-authorities-with-the-costs-of-green-belt-reviews-successful-local-authorities,
379,2025-02-27,green-belt-reviews,plan-making,70000,local-authority:WEW,,https://www.gov.uk/government/publications/funding-to-support-local-authorities-with-the-costs-of-local-plan-delivery-and-green-belt-reviews-successful-local-authorities/funding-to-support-local-authorities-with-the-costs-of-green-belt-reviews-successful-local-authorities,
380,2025-02-27,green-belt-reviews,plan-making,70000,local-authority:WLA,,https://www.gov.uk/government/publications/funding-to-support-local-authorities-with-the-costs-of-local-plan-delivery-and-green-belt-reviews-successful-local-authorities/funding-to-support-local-authorities-with-the-costs-of-green-belt-reviews-successful-local-authorities,
381,2025-02-27,green-belt-reviews,plan-making,70000,local-authority:WGN,,https://www.gov.uk/government/publications/funding-to-support-local-authorities-with-the-costs-of-local-plan-delivery-and-green-belt-reviews-successful-local-authorities/funding-to-support-local-authorities-with-the-costs-of-green-belt-reviews-successful-local-authorities,
382,2025-02-27,green-belt-reviews,plan-making,280000,local-authority:WNM,local-authority:WOK;local-authority:BRC;local-authority:SLG,https://www.gov.uk/government/publications/funding-to-support-local-authorities-with-the-costs-of-local-plan-delivery-and-green-belt-reviews-successful-local-authorities/funding-to-support-local-authorities-with-the-costs-of-green-belt-reviews-successful-local-authorities,
383,2025-02-27,green-belt-reviews,plan-making,70000,local-authority:WOI,,https://www.gov.uk/government/publications/funding-to-support-local-authorities-with-the-costs-of-local-plan-delivery-and-green-belt-reviews-successful-local-authorities/funding-to-support-local-authorities-with-the-costs-of-green-belt-reviews-successful-local-authorities,
384,2025-02-27,green-belt-reviews,plan-making,70000,local-authority:WLV,,https://www.gov.uk/government/publications/funding-to-support-local-authorities-with-the-costs-of-local-plan-delivery-and-green-belt-reviews-successful-local-authorities/funding-to-support-local-authorities-with-the-costs-of-green-belt-reviews-successful-local-authorities,
385,2025-02-27,green-belt-reviews,plan-making,70000,local-authority:WYE,,https://www.gov.uk/government/publications/funding-to-support-local-authorities-with-the-costs-of-local-plan-delivery-and-green-belt-reviews-successful-local-authorities/funding-to-support-local-authorities-with-the-costs-of-green-belt-reviews-successful-local-authorities,
